id,name,publisher,alignment,gender,race,image_url
1,A-Bomb,Marvel Comics,good,Male,Human,https://cdn.jsdelivr.net/gh/akabab/superhero-api@0.3.0/api/images/sm/1-a-bomb.jpg
2,Abe Sapien,Dark Horse Comics,good,Male,Icthyo Sapien,https://cdn.jsdelivr.net/gh/akabab/superhero-api@0.3.0/api/images/sm/2-abe-sapien.jpg
3,Abin Sur,DC Comics,good,Male,Ungaran,https://cdn.jsdelivr.net/gh/akabab/superhero-api@0.3.0/api/images/sm/3-abin-sur.jpg
4,Abomination,Marvel Comics,bad,Male,Human / Radiation,https://cdn.jsdelivr.net/gh/akabab/superhero-api@0.3.0/api/images/sm/4-abomination.jpg
5,Abraxas,Marvel Comics,bad,Male,Cosmic Entity,https://cdn.jsdelivr.net/gh/akabab/superhero-api@0.3.0/api/images/sm/5-abraxas.jpg
6,Absorbing Man,Marvel Comics,bad,Male,Human,https://cdn.jsdelivr.net/gh/akabab/superhero-api@0.3.0/api/images/sm/6-absorbing-man.jpg
7,Adam Monroe,NBC - Heroes,good,Male,-,https://cdn.jsdelivr.net/gh/akabab/superhero-api@0.3.0/api/images/sm/7-adam-monroe.jpg
8,Adam Strange,DC Comics,good,Male,Human,https://cdn.jsdelivr.net/gh/akabab/superhero-api@0.3.0/api/images/sm/8-adam-strange.jpg
10,Agent Bob,Marvel Comics,good,Male,Human,https://cdn.jsdelivr.net/gh/akabab/superhero-api@0.3.0/api/images/sm/10-agent-bob.jpg
11,Agent Zero,Marvel Comics,good,Male,-,https://cdn.jsdelivr.net/gh/akabab/superhero-api@0.3.0/api/images/sm/11-agent-zero.jpg
12,Air-Walker,Marvel Comics,bad,Male,-,https://cdn.jsdelivr.net/gh/akabab/superhero-api@0.3.0/api/images/sm/12-air-walker.jpg
13,Ajax,Marvel Comics,bad,Male,Cyborg,https://cdn.jsdelivr.net/gh/akabab/superhero-api@0.3.0/api/images/sm/13-ajax.jpg
14,Alan Scott,DC Comics,good,Male,-,https://cdn.jsdelivr.net/gh/akabab/superhero-api@0.3.0/api/images/sm/14-alan-scott.jpg
15,Alex Mercer,Wildstorm,bad,Male,Human,https://cdn.jsdelivr.net/gh/akabab/superhero-api@0.3.0/api/images/sm/15-alex-mercer.jpg
17,Alfred Pennyworth,DC Comics,good,Male,Human,https://cdn.jsdelivr.net/gh/akabab/superhero-api@0.3.0/api/images/sm/17-alfred-pennyworth.jpg
18,Alien,Dark Horse Comics,bad,Male,Xenomorph XX121,https://cdn.jsdelivr.net/gh/akabab/superhero-api@0.3.0/api/images/sm/18-alien.jpg
20,Amazo,DC Comics,bad,Male,Android,https://cdn.jsdelivr.net/gh/akabab/superhero-api@0.3.0/api/images/sm/20-amazo.jpg
23,Angel,Dark Horse Comics,good,Male,Vampire,https://cdn.jsdelivr.net/gh/akabab/superhero-api@0.3.0/api/images/sm/23-angel.jpg
24,Angel,Archangel,good,Male,-,https://cdn.jsdelivr.net/gh/akabab/superhero-api@0.3.0/api/images/sm/24-angel.jpg
25,Angel Dust,Marvel Comics,good,Female,Mutant,https://cdn.jsdelivr.net/gh/akabab/superhero-api@0.3.0/api/images/sm/25-angel-dust.jpg
26,Angel Salvadore,Tempest,good,Female,-,https://cdn.jsdelivr.net/gh/akabab/superhero-api@0.3.0/api/images/sm/26-angel-salvadore.jpg
28,Animal Man,DC Comics,good,Male,Human,https://cdn.jsdelivr.net/gh/akabab/superhero-api@0.3.0/api/images/sm/28-animal-man.jpg
29,Annihilus,Marvel Comics,bad,Male,-,https://cdn.jsdelivr.net/gh/akabab/superhero-api@0.3.0/api/images/sm/29-annihilus.jpg
30,Ant-Man,Giant-Man,good,Male,Human,https://cdn.jsdelivr.net/gh/akabab/superhero-api@0.3.0/api/images/sm/30-ant-man.jpg
31,Ant-Man II,Marvel Comics,good,Male,Human,https://cdn.jsdelivr.net/gh/akabab/superhero-api@0.3.0/api/images/sm/31-ant-man-ii.jpg
32,Anti-Monitor,DC Comics,bad,Male,God / Eternal,https://cdn.jsdelivr.net/gh/akabab/superhero-api@0.3.0/api/images/sm/32-anti-monitor.jpg
34,Anti-Venom,Toxin,-,Male,Symbiote,https://cdn.jsdelivr.net/gh/akabab/superhero-api@0.3.0/api/images/sm/34-anti-venom.jpg
35,Apocalypse,Marvel Comics,bad,Male,Mutant,https://cdn.jsdelivr.net/gh/akabab/superhero-api@0.3.0/api/images/sm/35-apocalypse.jpg
36,Aquababy,DC Comics,good,Male,-,https://cdn.jsdelivr.net/gh/akabab/superhero-api@0.3.0/api/images/sm/36-aquababy.jpg
37,Aqualad,DC Comics,good,Male,Atlantean,https://cdn.jsdelivr.net/gh/akabab/superhero-api@0.3.0/api/images/sm/37-aqualad.jpg
38,Aquaman,DC Comics,good,Male,Atlantean,https://cdn.jsdelivr.net/gh/akabab/superhero-api@0.3.0/api/images/sm/38-aquaman.jpg
39,Arachne,Marvel Comics,good,Female,Human,https://cdn.jsdelivr.net/gh/akabab/superhero-api@0.3.0/api/images/sm/39-arachne.jpg
40,Archangel,Angel,good,Male,Mutant,https://cdn.jsdelivr.net/gh/akabab/superhero-api@0.3.0/api/images/sm/40-archangel.jpg
41,Arclight,Marvel Comics,bad,Female,-,https://cdn.jsdelivr.net/gh/akabab/superhero-api@0.3.0/api/images/sm/41-arclight.jpg
42,Ardina,Marvel Comics,good,Female,Alien,https://cdn.jsdelivr.net/gh/akabab/superhero-api@0.3.0/api/images/sm/42-ardina.jpg
43,Ares,Marvel Comics,good,Male,-,https://cdn.jsdelivr.net/gh/akabab/superhero-api@0.3.0/api/images/sm/43-ares.jpg
44,Ariel,Marvel Comics,good,Female,-,https://cdn.jsdelivr.net/gh/akabab/superhero-api@0.3.0/api/images/sm/44-ariel.jpg
45,Armor,Marvel Comics,good,Female,-,https://cdn.jsdelivr.net/gh/akabab/superhero-api@0.3.0/api/images/sm/45-armor.jpg
48,Atlas,Goliath,good,Male,Mutant,https://cdn.jsdelivr.net/gh/akabab/superhero-api@0.3.0/api/images/sm/48-atlas.jpg
49,Atlas,DC Comics,bad,Male,God / Eternal,https://cdn.jsdelivr.net/gh/akabab/superhero-api@0.3.0/api/images/sm/49-atlas.jpg
52,Atom Girl,DC Comics,good,Female,-,https://cdn.jsdelivr.net/gh/akabab/superhero-api@0.3.0/api/images/sm/52-atom-girl.jpg
53,Atom II,DC Comics,good,Male,Human,https://cdn.jsdelivr.net/gh/akabab/superhero-api@0.3.0/api/images/sm/53-atom-ii.jpg
56,Aurora,Marvel Comics,good,Female,Mutant,https://cdn.jsdelivr.net/gh/akabab/superhero-api@0.3.0/api/images/sm/56-aurora.jpg
57,Azazel,Marvel Comics,bad,Male,Neyaphem,https://cdn.jsdelivr.net/gh/akabab/superhero-api@0.3.0/api/images/sm/57-azazel.jpg
58,Azrael,DC Comics,good,Male,Human,https://cdn.jsdelivr.net/gh/akabab/superhero-api@0.3.0/api/images/sm/58-azrael.jpg
60,Bane,DC Comics,bad,Male,Human,https://cdn.jsdelivr.net/gh/akabab/superhero-api@0.3.0/api/images/sm/60-bane.jpg
61,Banshee,Marvel Comics,good,Male,Human,https://cdn.jsdelivr.net/gh/akabab/superhero-api@0.3.0/api/images/sm/61-banshee.jpg
62,Bantam,Marvel Comics,good,Male,-,https://cdn.jsdelivr.net/gh/akabab/superhero-api@0.3.0/api/images/sm/62-bantam.jpg
63,Batgirl,Oracle,good,Female,Human,https://cdn.jsdelivr.net/gh/akabab/superhero-api@0.3.0/api/images/sm/63-batgirl.jpg
66,Batgirl IV,DC Comics,good,Female,Human,https://cdn.jsdelivr.net/gh/akabab/superhero-api@0.3.0/api/images/sm/66-batgirl-iv.jpg
68,Batgirl VI,Spoiler,good,Female,-,https://cdn.jsdelivr.net/gh/akabab/superhero-api@0.3.0/api/images/sm/68-batgirl-vi.jpg
69,Batman,DC Comics,good,Male,Human,https://cdn.jsdelivr.net/gh/akabab/superhero-api@0.3.0/api/images/sm/69-batman.jpg
70,Batman,DC Comics,good,Male,Human,https://cdn.jsdelivr.net/gh/akabab/superhero-api@0.3.0/api/images/sm/70-batman.jpg
71,Batman II,Nightwing,good,Male,Human,https://cdn.jsdelivr.net/gh/akabab/superhero-api@0.3.0/api/images/sm/71-batman-ii.jpg
72,Battlestar,Marvel Comics,good,Male,-,https://cdn.jsdelivr.net/gh/akabab/superhero-api@0.3.0/api/images/sm/72-battlestar.jpg
73,Batwoman V,DC Comics,good,Female,Human,https://cdn.jsdelivr.net/gh/akabab/superhero-api@0.3.0/api/images/sm/73-batwoman-v.jpg
75,Beast,Marvel Comics,good,Male,Mutant,https://cdn.jsdelivr.net/gh/akabab/superhero-api@0.3.0/api/images/sm/75-beast.jpg
76,Beast Boy,DC Comics,good,Male,Human,https://cdn.jsdelivr.net/gh/akabab/superhero-api@0.3.0/api/images/sm/76-beast-boy.jpg
78,Ben 10,DC Comics,good,Male,-,https://cdn.jsdelivr.net/gh/akabab/superhero-api@0.3.0/api/images/sm/78-ben-10.jpg
79,Beta Ray Bill,Marvel Comics,good,Male,-,https://cdn.jsdelivr.net/gh/akabab/superhero-api@0.3.0/api/images/sm/79-beta-ray-bill.jpg
80,Beyonder,Marvel Comics,good,Male,God / Eternal,https://cdn.jsdelivr.net/gh/akabab/superhero-api@0.3.0/api/images/sm/80-beyonder.jpg
81,Big Barda,DC Comics,bad,Female,New God,https://cdn.jsdelivr.net/gh/akabab/superhero-api@0.3.0/api/images/sm/81-big-barda.jpg
82,Big Daddy,Icon Comics,good,Male,-,https://cdn.jsdelivr.net/gh/akabab/superhero-api@0.3.0/api/images/sm/82-big-daddy.jpg
83,Big Man,Marvel Comics,bad,Male,-,https://cdn.jsdelivr.net/gh/akabab/superhero-api@0.3.0/api/images/sm/83-big-man.jpg
84,Bill Harken,SyFy,good,Male,Alpha,https://cdn.jsdelivr.net/gh/akabab/superhero-api@0.3.0/api/images/sm/84-bill-harken.jpg
87,Bionic Woman,-,good,Female,Cyborg,https://cdn.jsdelivr.net/gh/akabab/superhero-api@0.3.0/api/images/sm/87-bionic-woman.jpg
88,Bird-Brain,Marvel Comics,good,-,-,https://cdn.jsdelivr.net/gh/akabab/superhero-api@0.3.0/api/images/sm/88-bird-brain.jpg
92,Bishop,Marvel Comics,good,Male,Mutant,https://cdn.jsdelivr.net/gh/akabab/superhero-api@0.3.0/api/images/sm/92-bishop.jpg
93,Bizarro,DC Comics,neutral,Male,Bizarro,https://cdn.jsdelivr.net/gh/akabab/superhero-api@0.3.0/api/images/sm/93-bizarro.jpg
95,Black Adam,DC Comics,bad,Male,-,https://cdn.jsdelivr.net/gh/akabab/superhero-api@0.3.0/api/images/sm/95-black-adam.jpg
96,Black Bolt,Marvel Comics,good,Male,Inhuman,https://cdn.jsdelivr.net/gh/akabab/superhero-api@0.3.0/api/images/sm/96-black-bolt.jpg
97,Black Canary,DC Comics,good,Female,Metahuman,https://cdn.jsdelivr.net/gh/akabab/superhero-api@0.3.0/api/images/sm/97-black-canary.jpg
98,Black Canary,DC Comics,good,Female,Human,https://cdn.jsdelivr.net/gh/akabab/superhero-api@0.3.0/api/images/sm/98-black-canary.jpg
99,Black Cat,Marvel Comics,good,Female,Human,https://cdn.jsdelivr.net/gh/akabab/superhero-api@0.3.0/api/images/sm/99-black-cat.jpg
100,Black Flash,DC Comics,neutral,Male,God / Eternal,https://cdn.jsdelivr.net/gh/akabab/superhero-api@0.3.0/api/images/sm/100-black-flash.jpg
102,Black Knight III,Marvel Comics,good,Male,Human,https://cdn.jsdelivr.net/gh/akabab/superhero-api@0.3.0/api/images/sm/102-black-knight-iii.jpg
103,Black Lightning,DC Comics,good,Male,-,https://cdn.jsdelivr.net/gh/akabab/superhero-api@0.3.0/api/images/sm/103-black-lightning.jpg
104,Black Mamba,Marvel Comics,bad,Female,-,https://cdn.jsdelivr.net/gh/akabab/superhero-api@0.3.0/api/images/sm/104-black-mamba.jpg
105,Black Manta,DC Comics,bad,Male,Human,https://cdn.jsdelivr.net/gh/akabab/superhero-api@0.3.0/api/images/sm/105-black-manta.jpg
106,Black Panther,Marvel Comics,good,Male,Human,https://cdn.jsdelivr.net/gh/akabab/superhero-api@0.3.0/api/images/sm/106-black-panther.jpg
107,Black Widow,Marvel Comics,good,Female,Human,https://cdn.jsdelivr.net/gh/akabab/superhero-api@0.3.0/api/images/sm/107-black-widow.jpg
109,Blackout,Marvel Comics,bad,Male,Demon,https://cdn.jsdelivr.net/gh/akabab/superhero-api@0.3.0/api/images/sm/109-blackout.jpg
110,Blackwing,Marvel Comics,bad,Male,-,https://cdn.jsdelivr.net/gh/akabab/superhero-api@0.3.0/api/images/sm/110-blackwing.jpg
111,Blackwulf,Marvel Comics,-,Male,Alien,https://cdn.jsdelivr.net/gh/akabab/superhero-api@0.3.0/api/images/sm/111-blackwulf.jpg
112,Blade,Marvel Comics,good,Male,Vampire,https://cdn.jsdelivr.net/gh/akabab/superhero-api@0.3.0/api/images/sm/112-blade.jpg
114,Bling!,Marvel Comics,good,Female,-,https://cdn.jsdelivr.net/gh/akabab/superhero-api@0.3.0/api/images/sm/114-bling!.jpg
115,Blink,Marvel Comics,good,Female,Mutant,https://cdn.jsdelivr.net/gh/akabab/superhero-api@0.3.0/api/images/sm/115-blink.jpg
118,Blizzard II,Marvel Comics,bad,Male,-,https://cdn.jsdelivr.net/gh/akabab/superhero-api@0.3.0/api/images/sm/118-blizzard-ii.jpg
119,Blob,Marvel Comics,bad,Male,-,https://cdn.jsdelivr.net/gh/akabab/superhero-api@0.3.0/api/images/sm/119-blob.jpg
120,Bloodaxe,Marvel Comics,bad,Female,Human,https://cdn.jsdelivr.net/gh/akabab/superhero-api@0.3.0/api/images/sm/120-bloodaxe.jpg
121,Bloodhawk,Marvel Comics,good,Male,Mutant,https://cdn.jsdelivr.net/gh/akabab/superhero-api@0.3.0/api/images/sm/121-bloodhawk.jpg
126,Blue Beetle III,DC Comics,good,Male,Human,https://cdn.jsdelivr.net/gh/akabab/superhero-api@0.3.0/api/images/sm/126-blue-beetle-iii.jpg
127,Boba Fett,George Lucas,bad,Male,Human / Clone,https://cdn.jsdelivr.net/gh/akabab/superhero-api@0.3.0/api/images/sm/127-boba-fett.jpg
130,Boom-Boom,Meltdown,good,Female,Mutant,https://cdn.jsdelivr.net/gh/akabab/superhero-api@0.3.0/api/images/sm/130-boom-boom.jpg
135,Box IV,Gemini V,good,-,-,https://cdn.jsdelivr.net/gh/akabab/superhero-api@0.3.0/api/images/sm/135-box-iv.jpg
136,Brainiac,DC Comics,bad,Male,Android,https://cdn.jsdelivr.net/gh/akabab/superhero-api@0.3.0/api/images/sm/136-brainiac.jpg
137,Brainiac 5,DC Comics,good,Male,-,https://cdn.jsdelivr.net/gh/akabab/superhero-api@0.3.0/api/images/sm/137-brainiac-5.jpg
139,Brundlefly,-,-,Male,Mutant,https://cdn.jsdelivr.net/gh/akabab/superhero-api@0.3.0/api/images/sm/139-brundlefly.jpg
140,Buffy,Dark Horse Comics,good,Female,Human,https://cdn.jsdelivr.net/gh/akabab/superhero-api@0.3.0/api/images/sm/140-buffy.jpg
141,Bullseye,Marvel Comics,bad,Male,Human,https://cdn.jsdelivr.net/gh/akabab/superhero-api@0.3.0/api/images/sm/141-bullseye.jpg
142,Bumblebee,DC Comics,good,Female,Human,https://cdn.jsdelivr.net/gh/akabab/superhero-api@0.3.0/api/images/sm/142-bumblebee.jpg
144,Bushido,DC Comics,good,Male,Human,https://cdn.jsdelivr.net/gh/akabab/superhero-api@0.3.0/api/images/sm/144-bushido.jpg
145,Cable,Marvel Comics,good,Male,Mutant,https://cdn.jsdelivr.net/gh/akabab/superhero-api@0.3.0/api/images/sm/145-cable.jpg
146,Callisto,Marvel Comics,bad,Female,-,https://cdn.jsdelivr.net/gh/akabab/superhero-api@0.3.0/api/images/sm/146-callisto.jpg
147,Cameron Hicks,SyFy,good,Male,Alpha,https://cdn.jsdelivr.net/gh/akabab/superhero-api@0.3.0/api/images/sm/147-cameron-hicks.jpg
148,Cannonball,Marvel Comics,good,Male,-,https://cdn.jsdelivr.net/gh/akabab/superhero-api@0.3.0/api/images/sm/148-cannonball.jpg
149,Captain America,Marvel Comics,good,Male,Human,https://cdn.jsdelivr.net/gh/akabab/superhero-api@0.3.0/api/images/sm/149-captain-america.jpg
150,Captain Atom,DC Comics,good,Male,Human / Radiation,https://cdn.jsdelivr.net/gh/akabab/superhero-api@0.3.0/api/images/sm/150-captain-atom.jpg
151,Captain Britain,Marvel Comics,good,Male,Human,https://cdn.jsdelivr.net/gh/akabab/superhero-api@0.3.0/api/images/sm/151-captain-britain.jpg
152,Captain Cold,DC Comics,neutral,Male,Human,https://cdn.jsdelivr.net/gh/akabab/superhero-api@0.3.0/api/images/sm/152-captain-cold.jpg
154,Captain Hindsight,South Park,good,Male,Human,https://cdn.jsdelivr.net/gh/akabab/superhero-api@0.3.0/api/images/sm/154-captain-hindsight.jpg
156,Captain Marvel,DC Comics,good,Male,Human,https://cdn.jsdelivr.net/gh/akabab/superhero-api@0.3.0/api/images/sm/156-captain-marvel.jpg
157,Captain Marvel,Binary,good,Female,Human-Kree,https://cdn.jsdelivr.net/gh/akabab/superhero-api@0.3.0/api/images/sm/157-captain-marvel.jpg
158,Captain Marvel II,DC Comics,good,Male,Human,https://cdn.jsdelivr.net/gh/akabab/superhero-api@0.3.0/api/images/sm/158-captain-marvel-ii.jpg
160,Captain Planet,Marvel Comics,good,Male,God / Eternal,https://cdn.jsdelivr.net/gh/akabab/superhero-api@0.3.0/api/images/sm/160-captain-planet.jpg
162,Carnage,Marvel Comics,bad,Male,Symbiote,https://cdn.jsdelivr.net/gh/akabab/superhero-api@0.3.0/api/images/sm/162-carnage.jpg
165,Catwoman,DC Comics,good,Female,Human,https://cdn.jsdelivr.net/gh/akabab/superhero-api@0.3.0/api/images/sm/165-catwoman.jpg
167,Century,Marvel Comics,good,Male,Alien,https://cdn.jsdelivr.net/gh/akabab/superhero-api@0.3.0/api/images/sm/167-century.jpg
169,Chamber,Marvel Comics,good,Male,Mutant,https://cdn.jsdelivr.net/gh/akabab/superhero-api@0.3.0/api/images/sm/169-chamber.jpg
170,Chameleon,DC Comics,bad,Male,-,https://cdn.jsdelivr.net/gh/akabab/superhero-api@0.3.0/api/images/sm/170-chameleon.jpg
171,Changeling,Marvel Comics,bad,Male,-,https://cdn.jsdelivr.net/gh/akabab/superhero-api@0.3.0/api/images/sm/171-changeling.jpg
172,Cheetah,DC Comics,bad,Female,Human,https://cdn.jsdelivr.net/gh/akabab/superhero-api@0.3.0/api/images/sm/172-cheetah.jpg
174,Cheetah III,DC Comics,bad,Female,Human,https://cdn.jsdelivr.net/gh/akabab/superhero-api@0.3.0/api/images/sm/174-cheetah-iii.jpg
176,Chuck Norris,-,good,Male,-,https://cdn.jsdelivr.net/gh/akabab/superhero-api@0.3.0/api/images/sm/176-chuck-norris.jpg
177,Citizen Steel,DC Comics,good,Male,Human,https://cdn.jsdelivr.net/gh/akabab/superhero-api@0.3.0/api/images/sm/177-citizen-steel.jpg
178,Claire Bennet,NBC - Heroes,good,Female,-,https://cdn.jsdelivr.net/gh/akabab/superhero-api@0.3.0/api/images/sm/178-claire-bennet.jpg
180,Cloak,Marvel Comics,good,Male,-,https://cdn.jsdelivr.net/gh/akabab/superhero-api@0.3.0/api/images/sm/180-cloak.jpg
181,Clock King,DC Comics,bad,Male,Human,https://cdn.jsdelivr.net/gh/akabab/superhero-api@0.3.0/api/images/sm/181-clock-king.jpg
185,Colossus,Marvel Comics,good,Male,Mutant,https://cdn.jsdelivr.net/gh/akabab/superhero-api@0.3.0/api/images/sm/185-colossus.jpg
186,Copycat,Marvel Comics,neutral,Female,Mutant,https://cdn.jsdelivr.net/gh/akabab/superhero-api@0.3.0/api/images/sm/186-copycat.jpg
188,Cottonmouth,Marvel Comics,bad,Male,Human,https://cdn.jsdelivr.net/gh/akabab/superhero-api@0.3.0/api/images/sm/188-cottonmouth.jpg
191,Crystal,Marvel Comics,good,Female,Inhuman,https://cdn.jsdelivr.net/gh/akabab/superhero-api@0.3.0/api/images/sm/191-crystal.jpg
194,Cyborg,DC Comics,good,Male,Cyborg,https://cdn.jsdelivr.net/gh/akabab/superhero-api@0.3.0/api/images/sm/194-cyborg.jpg
195,Cyborg Superman,DC Comics,bad,Male,Cyborg,https://cdn.jsdelivr.net/gh/akabab/superhero-api@0.3.0/api/images/sm/195-cyborg-superman.jpg
196,Cyclops,Marvel Comics,good,Male,Mutant,https://cdn.jsdelivr.net/gh/akabab/superhero-api@0.3.0/api/images/sm/196-cyclops.jpg
198,Dagger,Marvel Comics,good,Female,-,https://cdn.jsdelivr.net/gh/akabab/superhero-api@0.3.0/api/images/sm/198-dagger.jpg
200,Daphne Powell,ABC Studios,good,Female,-,https://cdn.jsdelivr.net/gh/akabab/superhero-api@0.3.0/api/images/sm/200-daphne-powell.jpg
201,Daredevil,Marvel Comics,good,Male,Human,https://cdn.jsdelivr.net/gh/akabab/superhero-api@0.3.0/api/images/sm/201-daredevil.jpg
202,Darkhawk,Marvel Comics,good,Male,Human,https://cdn.jsdelivr.net/gh/akabab/superhero-api@0.3.0/api/images/sm/202-darkhawk.jpg
203,Darkman,Universal Studios,good,Male,-,https://cdn.jsdelivr.net/gh/akabab/superhero-api@0.3.0/api/images/sm/203-darkman.jpg
204,Darkseid,DC Comics,bad,Male,New God,https://cdn.jsdelivr.net/gh/akabab/superhero-api@0.3.0/api/images/sm/204-darkseid.jpg
206,Darkstar,Marvel Comics,good,Female,Mutant,https://cdn.jsdelivr.net/gh/akabab/superhero-api@0.3.0/api/images/sm/206-darkstar.jpg
207,Darth Maul,George Lucas,bad,Male,Dathomirian Zabrak,https://cdn.jsdelivr.net/gh/akabab/superhero-api@0.3.0/api/images/sm/207-darth-maul.jpg
208,Darth Vader,George Lucas,bad,Male,Cyborg,https://cdn.jsdelivr.net/gh/akabab/superhero-api@0.3.0/api/images/sm/208-darth-vader.jpg
209,Dash,Dark Horse Comics,good,Male,Human,https://cdn.jsdelivr.net/gh/akabab/superhero-api@0.3.0/api/images/sm/209-dash.jpg
210,Data,Star Trek,good,Male,Android,https://cdn.jsdelivr.net/gh/akabab/superhero-api@0.3.0/api/images/sm/210-data.jpg
211,Dazzler,Marvel Comics,good,Female,Mutant,https://cdn.jsdelivr.net/gh/akabab/superhero-api@0.3.0/api/images/sm/211-dazzler.jpg
212,Deadman,DC Comics,good,Male,Human,https://cdn.jsdelivr.net/gh/akabab/superhero-api@0.3.0/api/images/sm/212-deadman.jpg
213,Deadpool,Evil Deadpool,neutral,Male,Mutant,https://cdn.jsdelivr.net/gh/akabab/superhero-api@0.3.0/api/images/sm/213-deadpool.jpg
214,Deadshot,DC Comics,bad,Male,Human,https://cdn.jsdelivr.net/gh/akabab/superhero-api@0.3.0/api/images/sm/214-deadshot.jpg
215,Deathlok,Marvel Comics,good,Male,Cyborg,https://cdn.jsdelivr.net/gh/akabab/superhero-api@0.3.0/api/images/sm/215-deathlok.jpg
216,Deathstroke,DC Comics,neutral,Male,Human,https://cdn.jsdelivr.net/gh/akabab/superhero-api@0.3.0/api/images/sm/216-deathstroke.jpg
217,Demogoblin,Marvel Comics,bad,Male,Demon,https://cdn.jsdelivr.net/gh/akabab/superhero-api@0.3.0/api/images/sm/217-demogoblin.jpg
218,Destroyer,Marvel Comics,bad,Male,-,https://cdn.jsdelivr.net/gh/akabab/superhero-api@0.3.0/api/images/sm/218-destroyer.jpg
219,Diamondback,Marvel Comics,bad,Male,Human,https://cdn.jsdelivr.net/gh/akabab/superhero-api@0.3.0/api/images/sm/219-diamondback.jpg
220,DL Hawkins,NBC - Heroes,good,Male,-,https://cdn.jsdelivr.net/gh/akabab/superhero-api@0.3.0/api/images/sm/220-dl-hawkins.jpg
221,Doc Samson,Marvel Comics,good,Male,Human / Radiation,https://cdn.jsdelivr.net/gh/akabab/superhero-api@0.3.0/api/images/sm/221-doc-samson.jpg
222,Doctor Doom,Marvel Comics,bad,Male,Human,https://cdn.jsdelivr.net/gh/akabab/superhero-api@0.3.0/api/images/sm/222-doctor-doom.jpg
224,Doctor Fate,DC Comics,good,Male,Human,https://cdn.jsdelivr.net/gh/akabab/superhero-api@0.3.0/api/images/sm/224-doctor-fate.jpg
225,Doctor Octopus,Marvel Comics,bad,Male,Human,https://cdn.jsdelivr.net/gh/akabab/superhero-api@0.3.0/api/images/sm/225-doctor-octopus.jpg
226,Doctor Strange,Marvel Comics,good,Male,Human,https://cdn.jsdelivr.net/gh/akabab/superhero-api@0.3.0/api/images/sm/226-doctor-strange.jpg
227,Domino,Marvel Comics,good,Female,Human,https://cdn.jsdelivr.net/gh/akabab/superhero-api@0.3.0/api/images/sm/227-domino.jpg
228,Donatello,IDW Publishing,good,Male,Mutant,https://cdn.jsdelivr.net/gh/akabab/superhero-api@0.3.0/api/images/sm/228-donatello.jpg
230,Doomsday,DC Comics,bad,Male,Alien,https://cdn.jsdelivr.net/gh/akabab/superhero-api@0.3.0/api/images/sm/230-doomsday.jpg
231,Doppelganger,Marvel Comics,bad,Male,-,https://cdn.jsdelivr.net/gh/akabab/superhero-api@0.3.0/api/images/sm/231-doppelganger.jpg
232,Dormammu,Marvel Comics,bad,Male,-,https://cdn.jsdelivr.net/gh/akabab/superhero-api@0.3.0/api/images/sm/232-dormammu.jpg
233,Dr Manhattan,DC Comics,good,Male,Human / Cosmic,https://cdn.jsdelivr.net/gh/akabab/superhero-api@0.3.0/api/images/sm/233-dr-manhattan.jpg
234,Drax the Destroyer,Marvel Comics,good,Male,Human / Altered,https://cdn.jsdelivr.net/gh/akabab/superhero-api@0.3.0/api/images/sm/234-drax-the-destroyer.jpg
235,Ego,Marvel Comics,bad,-,-,https://cdn.jsdelivr.net/gh/akabab/superhero-api@0.3.0/api/images/sm/235-ego.jpg
236,Elastigirl,Dark Horse Comics,good,Female,Human,https://cdn.jsdelivr.net/gh/akabab/superhero-api@0.3.0/api/images/sm/236-elastigirl.jpg
237,Electro,Marvel Comics,bad,Male,Human,https://cdn.jsdelivr.net/gh/akabab/superhero-api@0.3.0/api/images/sm/237-electro.jpg
238,Elektra,Marvel Comics,good,Female,Human,https://cdn.jsdelivr.net/gh/akabab/superhero-api@0.3.0/api/images/sm/238-elektra.jpg
239,Elle Bishop,NBC - Heroes,bad,Female,-,https://cdn.jsdelivr.net/gh/akabab/superhero-api@0.3.0/api/images/sm/239-elle-bishop.jpg
240,Elongated Man,DC Comics,good,Male,-,https://cdn.jsdelivr.net/gh/akabab/superhero-api@0.3.0/api/images/sm/240-elongated-man.jpg
241,Emma Frost,Marvel Comics,good,Female,-,https://cdn.jsdelivr.net/gh/akabab/superhero-api@0.3.0/api/images/sm/241-emma-frost.jpg
242,Enchantress,DC Comics,good,Female,Human,https://cdn.jsdelivr.net/gh/akabab/superhero-api@0.3.0/api/images/sm/242-enchantress.jpg
245,Ethan Hunt,-,good,Male,Human,https://cdn.jsdelivr.net/gh/akabab/superhero-api@0.3.0/api/images/sm/245-ethan-hunt.jpg
246,Etrigan,DC Comics,neutral,Male,Demon,https://cdn.jsdelivr.net/gh/akabab/superhero-api@0.3.0/api/images/sm/246-etrigan.jpg
247,Evil Deadpool,Deadpool,bad,Male,Mutant,https://cdn.jsdelivr.net/gh/akabab/superhero-api@0.3.0/api/images/sm/247-evil-deadpool.jpg
248,Evilhawk,Marvel Comics,bad,Male,Alien,https://cdn.jsdelivr.net/gh/akabab/superhero-api@0.3.0/api/images/sm/248-evilhawk.jpg
249,Exodus,Marvel Comics,bad,Male,Mutant,https://cdn.jsdelivr.net/gh/akabab/superhero-api@0.3.0/api/images/sm/249-exodus.jpg
251,Falcon,Marvel Comics,good,Male,Human,https://cdn.jsdelivr.net/gh/akabab/superhero-api@0.3.0/api/images/sm/251-falcon.jpg
252,Fallen One II,Marvel Comics,bad,Male,-,https://cdn.jsdelivr.net/gh/akabab/superhero-api@0.3.0/api/images/sm/252-fallen-one-ii.jpg
253,Faora,DC Comics,bad,Female,Kryptonian,https://cdn.jsdelivr.net/gh/akabab/superhero-api@0.3.0/api/images/sm/253-faora.jpg
254,Feral,Marvel Comics,good,-,-,https://cdn.jsdelivr.net/gh/akabab/superhero-api@0.3.0/api/images/sm/254-feral.jpg
256,Fin Fang Foom,Marvel Comics,good,Male,Kakarantharaian,https://cdn.jsdelivr.net/gh/akabab/superhero-api@0.3.0/api/images/sm/256-fin-fang-foom.jpg
257,Firebird,Marvel Comics,good,Female,-,https://cdn.jsdelivr.net/gh/akabab/superhero-api@0.3.0/api/images/sm/257-firebird.jpg
258,Firelord,Marvel Comics,good,-,-,https://cdn.jsdelivr.net/gh/akabab/superhero-api@0.3.0/api/images/sm/258-firelord.jpg
259,Firestar,Marvel Comics,good,Female,Mutant,https://cdn.jsdelivr.net/gh/akabab/superhero-api@0.3.0/api/images/sm/259-firestar.jpg
260,Firestorm,DC Comics,good,Male,-,https://cdn.jsdelivr.net/gh/akabab/superhero-api@0.3.0/api/images/sm/260-firestorm.jpg
261,Firestorm,DC Comics,good,Male,Human,https://cdn.jsdelivr.net/gh/akabab/superhero-api@0.3.0/api/images/sm/261-firestorm.jpg
263,Flash,DC Comics,good,Male,Human,https://cdn.jsdelivr.net/gh/akabab/superhero-api@0.3.0/api/images/sm/263-flash.jpg
265,Flash II,Black Racer,good,Male,Black Racer,https://cdn.jsdelivr.net/gh/akabab/superhero-api@0.3.0/api/images/sm/265-flash-ii.jpg
266,Flash III,Speed Demon,good,Male,Human,https://cdn.jsdelivr.net/gh/akabab/superhero-api@0.3.0/api/images/sm/266-flash-iii.jpg
267,Flash IV,Impulse,good,Male,Human,https://cdn.jsdelivr.net/gh/akabab/superhero-api@0.3.0/api/images/sm/267-flash-iv.jpg
268,Forge,Marvel Comics,good,-,-,https://cdn.jsdelivr.net/gh/akabab/superhero-api@0.3.0/api/images/sm/268-forge.jpg
269,Franklin Richards,Marvel Comics,good,Male,Mutant,https://cdn.jsdelivr.net/gh/akabab/superhero-api@0.3.0/api/images/sm/269-franklin-richards.jpg
270,Franklin Storm,Marvel Comics,good,-,-,https://cdn.jsdelivr.net/gh/akabab/superhero-api@0.3.0/api/images/sm/270-franklin-storm.jpg
271,Frenzy,Marvel Comics,bad,Female,-,https://cdn.jsdelivr.net/gh/akabab/superhero-api@0.3.0/api/images/sm/271-frenzy.jpg
273,Galactus,Marvel Comics,neutral,Male,Cosmic Entity,https://cdn.jsdelivr.net/gh/akabab/superhero-api@0.3.0/api/images/sm/273-galactus.jpg
274,Gambit,Marvel Comics,good,Male,Mutant,https://cdn.jsdelivr.net/gh/akabab/superhero-api@0.3.0/api/images/sm/274-gambit.jpg
275,Gamora,Marvel Comics,good,Female,Zen-Whoberian,https://cdn.jsdelivr.net/gh/akabab/superhero-api@0.3.0/api/images/sm/275-gamora.jpg
277,Gary Bell,SyFy,good,Male,Alpha,https://cdn.jsdelivr.net/gh/akabab/superhero-api@0.3.0/api/images/sm/277-gary-bell.jpg
278,General Zod,DC Comics,bad,Male,Kryptonian,https://cdn.jsdelivr.net/gh/akabab/superhero-api@0.3.0/api/images/sm/278-general-zod.jpg
280,Ghost Rider,Marvel Comics,good,Male,Demon,https://cdn.jsdelivr.net/gh/akabab/superhero-api@0.3.0/api/images/sm/280-ghost-rider.jpg
284,Giganta,DC Comics,bad,Female,-,https://cdn.jsdelivr.net/gh/akabab/superhero-api@0.3.0/api/images/sm/284-giganta.jpg
285,Gladiator,Marvel Comics,neutral,Male,Strontian,https://cdn.jsdelivr.net/gh/akabab/superhero-api@0.3.0/api/images/sm/285-gladiator.jpg
286,Goblin Queen,Marvel Comics,bad,Female,-,https://cdn.jsdelivr.net/gh/akabab/superhero-api@0.3.0/api/images/sm/286-goblin-queen.jpg
287,Godzilla,-,bad,-,Kaiju,https://cdn.jsdelivr.net/gh/akabab/superhero-api@0.3.0/api/images/sm/287-godzilla.jpg
288,Gog,DC Comics,bad,Male,-,https://cdn.jsdelivr.net/gh/akabab/superhero-api@0.3.0/api/images/sm/no-portrait.jpg
289,Goku,Shueisha,good,Male,Saiyan,https://cdn.jsdelivr.net/gh/akabab/superhero-api@0.3.0/api/images/sm/289-goku.jpg
294,Gorilla Grodd,DC Comics,bad,Male,Gorilla,https://cdn.jsdelivr.net/gh/akabab/superhero-api@0.3.0/api/images/sm/294-gorilla-grodd.jpg
296,Gravity,Marvel Comics,good,Male,Human,https://cdn.jsdelivr.net/gh/akabab/superhero-api@0.3.0/api/images/sm/296-gravity.jpg
297,Greedo,George Lucas,bad,Male,Rodian,https://cdn.jsdelivr.net/gh/akabab/superhero-api@0.3.0/api/images/sm/297-greedo.jpg
298,Green Arrow,DC Comics,good,Male,Human,https://cdn.jsdelivr.net/gh/akabab/superhero-api@0.3.0/api/images/sm/298-green-arrow.jpg
299,Green Goblin,Marvel Comics,bad,Male,Human,https://cdn.jsdelivr.net/gh/akabab/superhero-api@0.3.0/api/images/sm/299-green-goblin.jpg
300,Green Goblin II,Marvel Comics,bad,Male,-,https://cdn.jsdelivr.net/gh/akabab/superhero-api@0.3.0/api/images/sm/300-green-goblin-ii.jpg
303,Groot,Marvel Comics,good,Male,Flora Colossus,https://cdn.jsdelivr.net/gh/akabab/superhero-api@0.3.0/api/images/sm/303-groot.jpg
305,Guy Gardner,DC Comics,good,Male,Human-Vuldarian,https://cdn.jsdelivr.net/gh/akabab/superhero-api@0.3.0/api/images/sm/305-guy-gardner.jpg
306,Hal Jordan,DC Comics,good,Male,Human,https://cdn.jsdelivr.net/gh/akabab/superhero-api@0.3.0/api/images/sm/306-hal-jordan.jpg
307,Han Solo,George Lucas,good,Male,Human,https://cdn.jsdelivr.net/gh/akabab/superhero-api@0.3.0/api/images/sm/307-han-solo.jpg
308,Hancock,Sony Pictures,good,Male,Human,https://cdn.jsdelivr.net/gh/akabab/superhero-api@0.3.0/api/images/sm/308-hancock.jpg
309,Harley Quinn,DC Comics,bad,Female,Human,https://cdn.jsdelivr.net/gh/akabab/superhero-api@0.3.0/api/images/sm/309-harley-quinn.jpg
310,Harry Potter,J. K. Rowling,good,Male,Human,https://cdn.jsdelivr.net/gh/akabab/superhero-api@0.3.0/api/images/sm/310-harry-potter.jpg
311,Havok,Marvel Comics,good,Male,Mutant,https://cdn.jsdelivr.net/gh/akabab/superhero-api@0.3.0/api/images/sm/311-havok.jpg
312,Hawk,DC Comics,good,Male,-,https://cdn.jsdelivr.net/gh/akabab/superhero-api@0.3.0/api/images/sm/312-hawk.jpg
313,Hawkeye,Goliath,good,Male,Human,https://cdn.jsdelivr.net/gh/akabab/superhero-api@0.3.0/api/images/sm/313-hawkeye.jpg
314,Hawkeye II,Marvel Comics,good,Female,Human,https://cdn.jsdelivr.net/gh/akabab/superhero-api@0.3.0/api/images/sm/314-hawkeye-ii.jpg
315,Hawkgirl,DC Comics,good,Female,-,https://cdn.jsdelivr.net/gh/akabab/superhero-api@0.3.0/api/images/sm/315-hawkgirl.jpg
320,Heat Wave,DC Comics,bad,Male,Human,https://cdn.jsdelivr.net/gh/akabab/superhero-api@0.3.0/api/images/sm/320-heat-wave.jpg
321,Hela,Marvel Comics,bad,Female,Asgardian,https://cdn.jsdelivr.net/gh/akabab/superhero-api@0.3.0/api/images/sm/321-hela.jpg
322,Hellboy,Dark Horse Comics,good,Male,Demon,https://cdn.jsdelivr.net/gh/akabab/superhero-api@0.3.0/api/images/sm/322-hellboy.jpg
323,Hellcat,Marvel Comics,good,Female,Human,https://cdn.jsdelivr.net/gh/akabab/superhero-api@0.3.0/api/images/sm/323-hellcat.jpg
325,Hercules,Marvel Comics,good,Male,Demi-God,https://cdn.jsdelivr.net/gh/akabab/superhero-api@0.3.0/api/images/sm/325-hercules.jpg
327,Hit-Girl,Icon Comics,good,Female,Human,https://cdn.jsdelivr.net/gh/akabab/superhero-api@0.3.0/api/images/sm/327-hit-girl.jpg
330,Hope Summers,Marvel Comics,good,Female,-,https://cdn.jsdelivr.net/gh/akabab/superhero-api@0.3.0/api/images/sm/330-hope-summers.jpg
332,Hulk,Marvel Comics,good,Male,Human / Radiation,https://cdn.jsdelivr.net/gh/akabab/superhero-api@0.3.0/api/images/sm/332-hulk.jpg
333,Human Torch,Marvel Comics,good,Male,Human / Radiation,https://cdn.jsdelivr.net/gh/akabab/superhero-api@0.3.0/api/images/sm/333-human-torch.jpg
334,Huntress,Batgirl III,good,Female,-,https://cdn.jsdelivr.net/gh/akabab/superhero-api@0.3.0/api/images/sm/334-huntress.jpg
335,Husk,Marvel Comics,good,Female,Mutant,https://cdn.jsdelivr.net/gh/akabab/superhero-api@0.3.0/api/images/sm/335-husk.jpg
336,Hybrid,Marvel Comics,good,Male,Symbiote,https://cdn.jsdelivr.net/gh/akabab/superhero-api@0.3.0/api/images/sm/336-hybrid.jpg
337,Hydro-Man,Marvel Comics,bad,Male,-,https://cdn.jsdelivr.net/gh/akabab/superhero-api@0.3.0/api/images/sm/337-hydro-man.jpg
338,Hyperion,Marvel Comics,good,Male,Eternal,https://cdn.jsdelivr.net/gh/akabab/superhero-api@0.3.0/api/images/sm/338-hyperion.jpg
339,Iceman,Marvel Comics,good,Male,Mutant,https://cdn.jsdelivr.net/gh/akabab/superhero-api@0.3.0/api/images/sm/339-iceman.jpg
340,Impulse,Flash IV,good,Male,Human,https://cdn.jsdelivr.net/gh/akabab/superhero-api@0.3.0/api/images/sm/340-impulse.jpg
341,Indiana Jones,George Lucas,good,Male,Human,https://cdn.jsdelivr.net/gh/akabab/superhero-api@0.3.0/api/images/sm/341-indiana-jones.jpg
342,Indigo,DC Comics,neutral,Female,Alien,https://cdn.jsdelivr.net/gh/akabab/superhero-api@0.3.0/api/images/sm/342-indigo.jpg
343,Ink,Marvel Comics,good,Male,Mutant,https://cdn.jsdelivr.net/gh/akabab/superhero-api@0.3.0/api/images/sm/343-ink.jpg
344,Invisible Woman,Marvel Comics,good,Female,Human / Radiation,https://cdn.jsdelivr.net/gh/akabab/superhero-api@0.3.0/api/images/sm/344-invisible-woman.jpg
345,Iron Fist,Marvel Comics,good,Male,Human,https://cdn.jsdelivr.net/gh/akabab/superhero-api@0.3.0/api/images/sm/345-iron-fist.jpg
346,Iron Man,Marvel Comics,good,Male,Human,https://cdn.jsdelivr.net/gh/akabab/superhero-api@0.3.0/api/images/sm/346-iron-man.jpg
347,Iron Monger,Marvel Comics,bad,Male,-,https://cdn.jsdelivr.net/gh/akabab/superhero-api@0.3.0/api/images/sm/347-iron-monger.jpg
348,Isis,DC Comics,good,Female,-,https://cdn.jsdelivr.net/gh/akabab/superhero-api@0.3.0/api/images/sm/348-isis.jpg
350,Jack of Hearts,Marvel Comics,good,Male,Human,https://cdn.jsdelivr.net/gh/akabab/superhero-api@0.3.0/api/images/sm/350-jack-of-hearts.jpg
351,Jack-Jack,Dark Horse Comics,good,Male,Human,https://cdn.jsdelivr.net/gh/akabab/superhero-api@0.3.0/api/images/sm/351-jack-jack.jpg
352,James Bond,Titan Books,good,Male,Human,https://cdn.jsdelivr.net/gh/akabab/superhero-api@0.3.0/api/images/sm/352-james-bond.jpg
353,James T. Kirk,Star Trek,good,Male,Human,https://cdn.jsdelivr.net/gh/akabab/superhero-api@0.3.0/api/images/sm/353-james-t.-kirk.jpg
354,Jar Jar Binks,George Lucas,good,Male,Gungan,https://cdn.jsdelivr.net/gh/akabab/superhero-api@0.3.0/api/images/sm/354-jar-jar-binks.jpg
355,Jason Bourne,-,good,Male,Human,https://cdn.jsdelivr.net/gh/akabab/superhero-api@0.3.0/api/images/sm/355-jason-bourne.jpg
356,Jean Grey,Phoenix,good,Female,Mutant,https://cdn.jsdelivr.net/gh/akabab/superhero-api@0.3.0/api/images/sm/356-jean-grey.jpg
357,Jean-Luc Picard,Star Trek,good,Male,Human,https://cdn.jsdelivr.net/gh/akabab/superhero-api@0.3.0/api/images/sm/357-jean-luc-picard.jpg
358,Jennifer Kale,Marvel Comics,good,Female,-,https://cdn.jsdelivr.net/gh/akabab/superhero-api@0.3.0/api/images/sm/358-jennifer-kale.jpg
360,Jessica Cruz,DC Comics,good,Female,Human,https://cdn.jsdelivr.net/gh/akabab/superhero-api@0.3.0/api/images/sm/360-jessica-cruz.jpg
361,Jessica Jones,Power Woman,good,Female,Human,https://cdn.jsdelivr.net/gh/akabab/superhero-api@0.3.0/api/images/sm/361-jessica-jones.jpg
364,Jim Powell,ABC Studios,good,Male,-,https://cdn.jsdelivr.net/gh/akabab/superhero-api@0.3.0/api/images/sm/364-jim-powell.jpg
365,JJ Powell,ABC Studios,good,Male,-,https://cdn.jsdelivr.net/gh/akabab/superhero-api@0.3.0/api/images/sm/365-jj-powell.jpg
367,John Constantine,DC Comics,good,Male,Human,https://cdn.jsdelivr.net/gh/akabab/superhero-api@0.3.0/api/images/sm/367-john-constantine.jpg
369,John Wraith,Marvel Comics,good,Male,-,https://cdn.jsdelivr.net/gh/akabab/superhero-api@0.3.0/api/images/sm/no-portrait.jpg
370,Joker,DC Comics,bad,Male,Human,https://cdn.jsdelivr.net/gh/akabab/superhero-api@0.3.0/api/images/sm/370-joker.jpg
371,Jolt,Marvel Comics,good,Female,-,https://cdn.jsdelivr.net/gh/akabab/superhero-api@0.3.0/api/images/sm/371-jolt.jpg
372,Jubilee,Marvel Comics,good,Female,Mutant,https://cdn.jsdelivr.net/gh/akabab/superhero-api@0.3.0/api/images/sm/372-jubilee.jpg
373,Judge Dredd,Rebellion,good,Male,Human,https://cdn.jsdelivr.net/gh/akabab/superhero-api@0.3.0/api/images/sm/373-judge-dredd.jpg
374,Juggernaut,Marvel Comics,neutral,Male,Human,https://cdn.jsdelivr.net/gh/akabab/superhero-api@0.3.0/api/images/sm/374-juggernaut.jpg
375,Junkpile,Marvel Comics,bad,Male,Mutant,https://cdn.jsdelivr.net/gh/akabab/superhero-api@0.3.0/api/images/sm/375-junkpile.jpg
376,Justice,Marvel Comics,good,Male,Human,https://cdn.jsdelivr.net/gh/akabab/superhero-api@0.3.0/api/images/sm/376-justice.jpg
379,Kang,Iron Lad,bad,Male,-,https://cdn.jsdelivr.net/gh/akabab/superhero-api@0.3.0/api/images/sm/379-kang.jpg
380,Kathryn Janeway,Star Trek,good,Female,Human,https://cdn.jsdelivr.net/gh/akabab/superhero-api@0.3.0/api/images/sm/380-kathryn-janeway.jpg
381,Katniss Everdeen,-,good,Female,Human,https://cdn.jsdelivr.net/gh/akabab/superhero-api@0.3.0/api/images/sm/381-katniss-everdeen.jpg
382,Kevin 11,DC Comics,good,Male,Human,https://cdn.jsdelivr.net/gh/akabab/superhero-api@0.3.0/api/images/sm/382-kevin-11.jpg
383,Kick-Ass,Icon Comics,good,Male,Human,https://cdn.jsdelivr.net/gh/akabab/superhero-api@0.3.0/api/images/sm/383-kick-ass.jpg
384,Kid Flash,DC Comics,good,Male,Human,https://cdn.jsdelivr.net/gh/akabab/superhero-api@0.3.0/api/images/sm/384-kid-flash.jpg
386,Killer Croc,DC Comics,bad,Male,Metahuman,https://cdn.jsdelivr.net/gh/akabab/superhero-api@0.3.0/api/images/sm/386-killer-croc.jpg
387,Killer Frost,DC Comics,bad,Female,Human,https://cdn.jsdelivr.net/gh/akabab/superhero-api@0.3.0/api/images/sm/387-killer-frost.jpg
388,Kilowog,DC Comics,good,Male,Bolovaxian,https://cdn.jsdelivr.net/gh/akabab/superhero-api@0.3.0/api/images/sm/388-kilowog.jpg
389,King Kong,-,good,Male,Animal,https://cdn.jsdelivr.net/gh/akabab/superhero-api@0.3.0/api/images/sm/389-king-kong.jpg
390,King Shark,DC Comics,bad,Male,Animal,https://cdn.jsdelivr.net/gh/akabab/superhero-api@0.3.0/api/images/sm/390-king-shark.jpg
391,Kingpin,Marvel Comics,bad,Male,Human,https://cdn.jsdelivr.net/gh/akabab/superhero-api@0.3.0/api/images/sm/391-kingpin.jpg
392,Klaw,Marvel Comics,bad,Male,Human,https://cdn.jsdelivr.net/gh/akabab/superhero-api@0.3.0/api/images/sm/392-klaw.jpg
393,Kool-Aid Man,-,good,Male,-,https://cdn.jsdelivr.net/gh/akabab/superhero-api@0.3.0/api/images/sm/393-kool-aid-man.jpg
394,Kraven II,Marvel Comics,bad,Male,Human,https://cdn.jsdelivr.net/gh/akabab/superhero-api@0.3.0/api/images/sm/394-kraven-ii.jpg
395,Kraven the Hunter,Marvel Comics,bad,Male,Human,https://cdn.jsdelivr.net/gh/akabab/superhero-api@0.3.0/api/images/sm/395-kraven-the-hunter.jpg
396,Krypto,DC Comics,good,Male,Kryptonian,https://cdn.jsdelivr.net/gh/akabab/superhero-api@0.3.0/api/images/sm/396-krypto.jpg
397,Kyle Rayner,DC Comics,good,Male,Human,https://cdn.jsdelivr.net/gh/akabab/superhero-api@0.3.0/api/images/sm/397-kyle-rayner.jpg
398,Kylo Ren,George Lucas,bad,Male,Human,https://cdn.jsdelivr.net/gh/akabab/superhero-api@0.3.0/api/images/sm/398-kylo-ren.jpg
400,Lady Deathstrike,Marvel Comics,bad,Female,Cyborg,https://cdn.jsdelivr.net/gh/akabab/superhero-api@0.3.0/api/images/sm/400-lady-deathstrike.jpg
401,Leader,Marvel Comics,bad,Male,-,https://cdn.jsdelivr.net/gh/akabab/superhero-api@0.3.0/api/images/sm/401-leader.jpg
402,Leech,Marvel Comics,good,Male,-,https://cdn.jsdelivr.net/gh/akabab/superhero-api@0.3.0/api/images/sm/402-leech.jpg
403,Legion,Marvel Comics,good,Male,Mutant,https://cdn.jsdelivr.net/gh/akabab/superhero-api@0.3.0/api/images/sm/403-legion.jpg
404,Leonardo,IDW Publishing,good,Male,Mutant,https://cdn.jsdelivr.net/gh/akabab/superhero-api@0.3.0/api/images/sm/404-leonardo.jpg
405,Lex Luthor,DC Comics,bad,Male,Human,https://cdn.jsdelivr.net/gh/akabab/superhero-api@0.3.0/api/images/sm/405-lex-luthor.jpg
406,Light Lass,DC Comics,good,Female,-,https://cdn.jsdelivr.net/gh/akabab/superhero-api@0.3.0/api/images/sm/406-light-lass.jpg
407,Lightning Lad,DC Comics,good,Male,-,https://cdn.jsdelivr.net/gh/akabab/superhero-api@0.3.0/api/images/sm/407-lightning-lad.jpg
408,Lightning Lord,DC Comics,bad,Male,-,https://cdn.jsdelivr.net/gh/akabab/superhero-api@0.3.0/api/images/sm/408-lightning-lord.jpg
409,Living Brain,Marvel Comics,bad,-,-,https://cdn.jsdelivr.net/gh/akabab/superhero-api@0.3.0/api/images/sm/409-living-brain.jpg
410,Living Tribunal,Marvel Comics,neutral,-,Cosmic Entity,https://cdn.jsdelivr.net/gh/akabab/superhero-api@0.3.0/api/images/sm/410-living-tribunal.jpg
412,Lizard,Marvel Comics,bad,Male,Human,https://cdn.jsdelivr.net/gh/akabab/superhero-api@0.3.0/api/images/sm/412-lizard.jpg
413,Lobo,DC Comics,neutral,Male,Czarnian,https://cdn.jsdelivr.net/gh/akabab/superhero-api@0.3.0/api/images/sm/413-lobo.jpg
414,Loki,Marvel Comics,bad,Male,Asgardian,https://cdn.jsdelivr.net/gh/akabab/superhero-api@0.3.0/api/images/sm/414-loki.jpg
415,Longshot,Marvel Comics,good,Male,Human,https://cdn.jsdelivr.net/gh/akabab/superhero-api@0.3.0/api/images/sm/415-longshot.jpg
416,Luke Cage,Power Man,good,Male,Human,https://cdn.jsdelivr.net/gh/akabab/superhero-api@0.3.0/api/images/sm/416-luke-cage.jpg
418,Luke Skywalker,George Lucas,good,Male,Human,https://cdn.jsdelivr.net/gh/akabab/superhero-api@0.3.0/api/images/sm/418-luke-skywalker.jpg
419,Luna,Marvel Comics,good,Female,Human,https://cdn.jsdelivr.net/gh/akabab/superhero-api@0.3.0/api/images/sm/419-luna.jpg
421,Mach-IV,Marvel Comics,bad,Male,-,https://cdn.jsdelivr.net/gh/akabab/superhero-api@0.3.0/api/images/sm/421-mach-iv.jpg
422,Machine Man,Marvel Comics,good,-,-,https://cdn.jsdelivr.net/gh/akabab/superhero-api@0.3.0/api/images/sm/422-machine-man.jpg
423,Magneto,Marvel Comics,bad,Male,Mutant,https://cdn.jsdelivr.net/gh/akabab/superhero-api@0.3.0/api/images/sm/423-magneto.jpg
424,Magog,DC Comics,good,Male,-,https://cdn.jsdelivr.net/gh/akabab/superhero-api@0.3.0/api/images/sm/424-magog.jpg
425,Magus,Marvel Comics,bad,Male,-,https://cdn.jsdelivr.net/gh/akabab/superhero-api@0.3.0/api/images/sm/425-magus.jpg
426,Man of Miracles,Image Comics,-,-,God / Eternal,https://cdn.jsdelivr.net/gh/akabab/superhero-api@0.3.0/api/images/sm/426-man-of-miracles.jpg
427,Man-Bat,DC Comics,neutral,Male,Human,https://cdn.jsdelivr.net/gh/akabab/superhero-api@0.3.0/api/images/sm/427-man-bat.jpg
428,Man-Thing,Marvel Comics,good,Male,-,https://cdn.jsdelivr.net/gh/akabab/superhero-api@0.3.0/api/images/sm/428-man-thing.jpg
429,Man-Wolf,Marvel Comics,good,Male,-,https://cdn.jsdelivr.net/gh/akabab/superhero-api@0.3.0/api/images/sm/429-man-wolf.jpg
430,Mandarin,Marvel Comics,bad,Male,Human,https://cdn.jsdelivr.net/gh/akabab/superhero-api@0.3.0/api/images/sm/430-mandarin.jpg
431,Mantis,Marvel Comics,good,Female,Human-Kree,https://cdn.jsdelivr.net/gh/akabab/superhero-api@0.3.0/api/images/sm/431-mantis.jpg
432,Martian Manhunter,DC Comics,good,Male,Martian,https://cdn.jsdelivr.net/gh/akabab/superhero-api@0.3.0/api/images/sm/432-martian-manhunter.jpg
433,Marvel Girl,Marvel Comics,good,Female,-,https://cdn.jsdelivr.net/gh/akabab/superhero-api@0.3.0/api/images/sm/433-marvel-girl.jpg
435,Master Chief,Microsoft,good,Male,Human / Altered,https://cdn.jsdelivr.net/gh/akabab/superhero-api@0.3.0/api/images/sm/435-master-chief.jpg
436,Match,DC Comics,bad,Male,-,https://cdn.jsdelivr.net/gh/akabab/superhero-api@0.3.0/api/images/sm/436-match.jpg
437,Matt Parkman,NBC - Heroes,good,Male,-,https://cdn.jsdelivr.net/gh/akabab/superhero-api@0.3.0/api/images/sm/437-matt-parkman.jpg
438,Maverick,Marvel Comics,good,Male,-,https://cdn.jsdelivr.net/gh/akabab/superhero-api@0.3.0/api/images/sm/438-maverick.jpg
439,Maxima,DC Comics,bad,Female,-,https://cdn.jsdelivr.net/gh/akabab/superhero-api@0.3.0/api/images/sm/439-maxima.jpg
440,Maya Herrera,NBC - Heroes,good,Female,-,https://cdn.jsdelivr.net/gh/akabab/superhero-api@0.3.0/api/images/sm/440-maya-herrera.jpg
441,Medusa,Marvel Comics,good,Female,Inhuman,https://cdn.jsdelivr.net/gh/akabab/superhero-api@0.3.0/api/images/sm/441-medusa.jpg
442,Meltdown,Boom-Boom,good,Female,-,https://cdn.jsdelivr.net/gh/akabab/superhero-api@0.3.0/api/images/sm/442-meltdown.jpg
443,Mephisto,Marvel Comics,bad,Male,-,https://cdn.jsdelivr.net/gh/akabab/superhero-api@0.3.0/api/images/sm/443-mephisto.jpg
444,Mera,DC Comics,good,Female,Atlantean,https://cdn.jsdelivr.net/gh/akabab/superhero-api@0.3.0/api/images/sm/444-mera.jpg
445,Metallo,DC Comics,bad,Male,Android,https://cdn.jsdelivr.net/gh/akabab/superhero-api@0.3.0/api/images/sm/445-metallo.jpg
448,Metron,DC Comics,good,Male,-,https://cdn.jsdelivr.net/gh/akabab/superhero-api@0.3.0/api/images/sm/448-metron.jpg
449,Micah Sanders,NBC - Heroes,good,Male,-,https://cdn.jsdelivr.net/gh/akabab/superhero-api@0.3.0/api/images/sm/449-micah-sanders.jpg
450,Michelangelo,IDW Publishing,good,Male,Mutant,https://cdn.jsdelivr.net/gh/akabab/superhero-api@0.3.0/api/images/sm/450-michelangelo.jpg
451,Micro Lad,DC Comics,good,Male,-,https://cdn.jsdelivr.net/gh/akabab/superhero-api@0.3.0/api/images/sm/451-micro-lad.jpg
452,Mimic,Marvel Comics,good,Male,-,https://cdn.jsdelivr.net/gh/akabab/superhero-api@0.3.0/api/images/sm/452-mimic.jpg
454,Misfit,Batgirl V,good,Female,-,https://cdn.jsdelivr.net/gh/akabab/superhero-api@0.3.0/api/images/sm/454-misfit.jpg
455,Miss Martian,DC Comics,good,Female,-,https://cdn.jsdelivr.net/gh/akabab/superhero-api@0.3.0/api/images/sm/455-miss-martian.jpg
456,Mister Fantastic,Marvel Comics,good,Male,Human / Radiation,https://cdn.jsdelivr.net/gh/akabab/superhero-api@0.3.0/api/images/sm/456-mister-fantastic.jpg
457,Mister Freeze,DC Comics,bad,Male,Human,https://cdn.jsdelivr.net/gh/akabab/superhero-api@0.3.0/api/images/sm/457-mister-freeze.jpg
458,Mister Knife,Marvel Comics,bad,Male,Spartoi,https://cdn.jsdelivr.net/gh/akabab/superhero-api@0.3.0/api/images/sm/458-mister-knife.jpg
459,Mister Mxyzptlk,DC Comics,bad,Male,God / Eternal,https://cdn.jsdelivr.net/gh/akabab/superhero-api@0.3.0/api/images/sm/459-mister-mxyzptlk.jpg
460,Mister Sinister,Marvel Comics,bad,Male,Human / Altered,https://cdn.jsdelivr.net/gh/akabab/superhero-api@0.3.0/api/images/sm/460-mister-sinister.jpg
461,Mister Zsasz,DC Comics,bad,Male,Human,https://cdn.jsdelivr.net/gh/akabab/superhero-api@0.3.0/api/images/sm/no-portrait.jpg
462,Mockingbird,Marvel Comics,good,Female,Human,https://cdn.jsdelivr.net/gh/akabab/superhero-api@0.3.0/api/images/sm/462-mockingbird.jpg
463,MODOK,Marvel Comics,bad,Male,Cyborg,https://cdn.jsdelivr.net/gh/akabab/superhero-api@0.3.0/api/images/sm/463-modok.jpg
467,Molten Man,Marvel Comics,bad,Male,-,https://cdn.jsdelivr.net/gh/akabab/superhero-api@0.3.0/api/images/sm/467-molten-man.jpg
469,Monica Dawson,NBC - Heroes,good,Female,-,https://cdn.jsdelivr.net/gh/akabab/superhero-api@0.3.0/api/images/sm/469-monica-dawson.jpg
470,Moon Knight,Marvel Comics,good,Male,Human,https://cdn.jsdelivr.net/gh/akabab/superhero-api@0.3.0/api/images/sm/470-moon-knight.jpg
471,Moonstone,Marvel Comics,bad,Female,-,https://cdn.jsdelivr.net/gh/akabab/superhero-api@0.3.0/api/images/sm/471-moonstone.jpg
472,Morlun,Marvel Comics,bad,Male,-,https://cdn.jsdelivr.net/gh/akabab/superhero-api@0.3.0/api/images/sm/472-morlun.jpg
474,Moses Magnum,Marvel Comics,bad,Male,-,https://cdn.jsdelivr.net/gh/akabab/superhero-api@0.3.0/api/images/sm/474-moses-magnum.jpg
475,Mr Immortal,Marvel Comics,good,Male,Mutant,https://cdn.jsdelivr.net/gh/akabab/superhero-api@0.3.0/api/images/sm/no-portrait.jpg
476,Mr Incredible,Dark Horse Comics,good,Male,Human,https://cdn.jsdelivr.net/gh/akabab/superhero-api@0.3.0/api/images/sm/476-mr-incredible.jpg
477,Ms Marvel II,She-Thing,good,Female,-,https://cdn.jsdelivr.net/gh/akabab/superhero-api@0.3.0/api/images/sm/477-ms-marvel-ii.jpg
478,Multiple Man,Marvel Comics,good,Male,-,https://cdn.jsdelivr.net/gh/akabab/superhero-api@0.3.0/api/images/sm/478-multiple-man.jpg
479,Mysterio,Marvel Comics,bad,Male,Human,https://cdn.jsdelivr.net/gh/akabab/superhero-api@0.3.0/api/images/sm/479-mysterio.jpg
480,Mystique,Marvel Comics,bad,Female,Mutant,https://cdn.jsdelivr.net/gh/akabab/superhero-api@0.3.0/api/images/sm/480-mystique.jpg
481,Namor,Marvel Comics,good,Male,Atlantean,https://cdn.jsdelivr.net/gh/akabab/superhero-api@0.3.0/api/images/sm/481-namor.jpg
483,Namora,Marvel Comics,good,Female,-,https://cdn.jsdelivr.net/gh/akabab/superhero-api@0.3.0/api/images/sm/483-namora.jpg
484,Namorita,Marvel Comics,good,Female,-,https://cdn.jsdelivr.net/gh/akabab/superhero-api@0.3.0/api/images/sm/484-namorita.jpg
485,Naruto Uzumaki,Shueisha,good,Male,Human,https://cdn.jsdelivr.net/gh/akabab/superhero-api@0.3.0/api/images/sm/485-naruto-uzumaki.jpg
487,Nebula,Marvel Comics,bad,Female,Luphomoid,https://cdn.jsdelivr.net/gh/akabab/superhero-api@0.3.0/api/images/sm/487-nebula.jpg
488,Negasonic Teenage Warhead,Marvel Comics,good,Female,Mutant,https://cdn.jsdelivr.net/gh/akabab/superhero-api@0.3.0/api/images/sm/488-negasonic-teenage-warhead.jpg
489,Nick Fury,Marvel Comics,good,Male,Human,https://cdn.jsdelivr.net/gh/akabab/superhero-api@0.3.0/api/images/sm/489-nick-fury.jpg
490,Nightcrawler,Marvel Comics,good,Male,-,https://cdn.jsdelivr.net/gh/akabab/superhero-api@0.3.0/api/images/sm/490-nightcrawler.jpg
491,Nightwing,Batman II,good,Male,Human,https://cdn.jsdelivr.net/gh/akabab/superhero-api@0.3.0/api/images/sm/491-nightwing.jpg
492,Niki Sanders,NBC - Heroes,good,Female,-,https://cdn.jsdelivr.net/gh/akabab/superhero-api@0.3.0/api/images/sm/492-niki-sanders.jpg
493,Nina Theroux,SyFy,good,Female,Alpha,https://cdn.jsdelivr.net/gh/akabab/superhero-api@0.3.0/api/images/sm/493-nina-theroux.jpg
495,Northstar,Marvel Comics,good,Male,-,https://cdn.jsdelivr.net/gh/akabab/superhero-api@0.3.0/api/images/sm/495-northstar.jpg
496,Nova,Marvel Comics,good,Male,Human,https://cdn.jsdelivr.net/gh/akabab/superhero-api@0.3.0/api/images/sm/496-nova.jpg
497,Nova,Marvel Comics,good,Female,Human / Cosmic,https://cdn.jsdelivr.net/gh/akabab/superhero-api@0.3.0/api/images/sm/497-nova.jpg
498,Odin,Marvel Comics,good,Male,God / Eternal,https://cdn.jsdelivr.net/gh/akabab/superhero-api@0.3.0/api/images/sm/498-odin.jpg
499,Offspring,DC Comics,good,Male,-,https://cdn.jsdelivr.net/gh/akabab/superhero-api@0.3.0/api/images/sm/499-offspring.jpg
502,One Punch Man,Shueisha,good,Male,Human,https://cdn.jsdelivr.net/gh/akabab/superhero-api@0.3.0/api/images/sm/502-one-punch-man.jpg
503,One-Above-All,Marvel Comics,neutral,-,Cosmic Entity,https://cdn.jsdelivr.net/gh/akabab/superhero-api@0.3.0/api/images/sm/503-one-above-all.jpg
504,Onslaught,Marvel Comics,bad,Male,Mutant,https://cdn.jsdelivr.net/gh/akabab/superhero-api@0.3.0/api/images/sm/504-onslaught.jpg
505,Oracle,Batgirl,good,Female,Human,https://cdn.jsdelivr.net/gh/akabab/superhero-api@0.3.0/api/images/sm/505-oracle.jpg
506,Osiris,DC Comics,good,Male,-,https://cdn.jsdelivr.net/gh/akabab/superhero-api@0.3.0/api/images/sm/506-osiris.jpg
508,Ozymandias,DC Comics,bad,Male,Human,https://cdn.jsdelivr.net/gh/akabab/superhero-api@0.3.0/api/images/sm/508-ozymandias.jpg
509,Parademon,DC Comics,bad,-,Parademon,https://cdn.jsdelivr.net/gh/akabab/superhero-api@0.3.0/api/images/sm/509-parademon.jpg
510,Paul Blart,Sony Pictures,good,Male,Human,https://cdn.jsdelivr.net/gh/akabab/superhero-api@0.3.0/api/images/sm/510-paul-blart.jpg
514,Penguin,DC Comics,bad,Male,Human,https://cdn.jsdelivr.net/gh/akabab/superhero-api@0.3.0/api/images/sm/514-penguin.jpg
516,Phantom Girl,DC Comics,good,Female,-,https://cdn.jsdelivr.net/gh/akabab/superhero-api@0.3.0/api/images/sm/516-phantom-girl.jpg
517,Phoenix,Jean Grey,good,Female,Mutant,https://cdn.jsdelivr.net/gh/akabab/superhero-api@0.3.0/api/images/sm/517-phoenix.jpg
518,Plantman,Marvel Comics,bad,Male,Mutant,https://cdn.jsdelivr.net/gh/akabab/superhero-api@0.3.0/api/images/sm/518-plantman.jpg
520,Plastic Man,DC Comics,good,Male,Human,https://cdn.jsdelivr.net/gh/akabab/superhero-api@0.3.0/api/images/sm/520-plastic-man.jpg
521,Plastique,DC Comics,bad,Female,-,https://cdn.jsdelivr.net/gh/akabab/superhero-api@0.3.0/api/images/sm/521-plastique.jpg
522,Poison Ivy,DC Comics,bad,Female,Human,https://cdn.jsdelivr.net/gh/akabab/superhero-api@0.3.0/api/images/sm/522-poison-ivy.jpg
523,Polaris,Marvel Comics,good,Female,Mutant,https://cdn.jsdelivr.net/gh/akabab/superhero-api@0.3.0/api/images/sm/523-polaris.jpg
524,Power Girl,DC Comics,good,Female,Kryptonian,https://cdn.jsdelivr.net/gh/akabab/superhero-api@0.3.0/api/images/sm/524-power-girl.jpg
526,Predator,Dark Horse Comics,bad,Male,Yautja,https://cdn.jsdelivr.net/gh/akabab/superhero-api@0.3.0/api/images/sm/526-predator.jpg
527,Professor X,Marvel Comics,good,Male,Mutant,https://cdn.jsdelivr.net/gh/akabab/superhero-api@0.3.0/api/images/sm/527-professor-x.jpg
528,Professor Zoom,DC Comics,bad,Male,Human,https://cdn.jsdelivr.net/gh/akabab/superhero-api@0.3.0/api/images/sm/528-professor-zoom.jpg
529,Psylocke,Marvel Comics,good,Female,Mutant,https://cdn.jsdelivr.net/gh/akabab/superhero-api@0.3.0/api/images/sm/529-psylocke.jpg
530,Punisher,Marvel Comics,good,Male,Human,https://cdn.jsdelivr.net/gh/akabab/superhero-api@0.3.0/api/images/sm/530-punisher.jpg
531,Purple Man,Marvel Comics,bad,Male,Human,https://cdn.jsdelivr.net/gh/akabab/superhero-api@0.3.0/api/images/sm/531-purple-man.jpg
532,Pyro,Marvel Comics,bad,Male,-,https://cdn.jsdelivr.net/gh/akabab/superhero-api@0.3.0/api/images/sm/532-pyro.jpg
533,Q,Star Trek,-,Male,God / Eternal,https://cdn.jsdelivr.net/gh/akabab/superhero-api@0.3.0/api/images/sm/533-q.jpg
535,Question,DC Comics,good,Male,Human,https://cdn.jsdelivr.net/gh/akabab/superhero-api@0.3.0/api/images/sm/535-question.jpg
536,Quicksilver,Marvel Comics,good,Male,Mutant,https://cdn.jsdelivr.net/gh/akabab/superhero-api@0.3.0/api/images/sm/536-quicksilver.jpg
537,Quill,Marvel Comics,good,Male,-,https://cdn.jsdelivr.net/gh/akabab/superhero-api@0.3.0/api/images/sm/537-quill.jpg
538,Ra's Al Ghul,DC Comics,bad,Male,Human,https://cdn.jsdelivr.net/gh/akabab/superhero-api@0.3.0/api/images/sm/538-ras-al-ghul.jpg
539,Rachel Pirzad,SyFy,good,Female,Alpha,https://cdn.jsdelivr.net/gh/akabab/superhero-api@0.3.0/api/images/sm/539-rachel-pirzad.jpg
540,Rambo,-,good,Male,Human,https://cdn.jsdelivr.net/gh/akabab/superhero-api@0.3.0/api/images/sm/540-rambo.jpg
541,Raphael,IDW Publishing,good,Male,Mutant,https://cdn.jsdelivr.net/gh/akabab/superhero-api@0.3.0/api/images/sm/541-raphael.jpg
542,Raven,DC Comics,neutral,Female,Human,https://cdn.jsdelivr.net/gh/akabab/superhero-api@0.3.0/api/images/sm/542-raven.jpg
543,Ray,DC Comics,good,Male,Human,https://cdn.jsdelivr.net/gh/akabab/superhero-api@0.3.0/api/images/sm/543-ray.jpg
545,Red Arrow,DC Comics,good,Male,Human,https://cdn.jsdelivr.net/gh/akabab/superhero-api@0.3.0/api/images/sm/545-red-arrow.jpg
546,Red Hood,Robin II,neutral,Male,Human,https://cdn.jsdelivr.net/gh/akabab/superhero-api@0.3.0/api/images/sm/546-red-hood.jpg
547,Red Hulk,Marvel Comics,neutral,Male,Human / Radiation,https://cdn.jsdelivr.net/gh/akabab/superhero-api@0.3.0/api/images/sm/547-red-hulk.jpg
548,Red Mist,Icon Comics,bad,Male,-,https://cdn.jsdelivr.net/gh/akabab/superhero-api@0.3.0/api/images/sm/548-red-mist.jpg
549,Red Robin,Robin III,good,Male,Human,https://cdn.jsdelivr.net/gh/akabab/superhero-api@0.3.0/api/images/sm/549-red-robin.jpg
550,Red Skull,Marvel Comics,bad,Male,-,https://cdn.jsdelivr.net/gh/akabab/superhero-api@0.3.0/api/images/sm/550-red-skull.jpg
551,Red Tornado,DC Comics,good,Male,Android,https://cdn.jsdelivr.net/gh/akabab/superhero-api@0.3.0/api/images/sm/551-red-tornado.jpg
555,Rey,George Lucas,good,Female,Human,https://cdn.jsdelivr.net/gh/akabab/superhero-api@0.3.0/api/images/sm/555-rey.jpg
556,Rhino,Marvel Comics,bad,Male,Human / Radiation,https://cdn.jsdelivr.net/gh/akabab/superhero-api@0.3.0/api/images/sm/556-rhino.jpg
557,Rick Flag,DC Comics,bad,Male,-,https://cdn.jsdelivr.net/gh/akabab/superhero-api@0.3.0/api/images/sm/557-rick-flag.jpg
558,Riddler,DC Comics,bad,Male,-,https://cdn.jsdelivr.net/gh/akabab/superhero-api@0.3.0/api/images/sm/558-riddler.jpg
559,Rip Hunter,DC Comics,good,Male,Human,https://cdn.jsdelivr.net/gh/akabab/superhero-api@0.3.0/api/images/sm/559-rip-hunter.jpg
561,Robin,Batman II,good,Male,Human,https://cdn.jsdelivr.net/gh/akabab/superhero-api@0.3.0/api/images/sm/561-robin.jpg
562,Robin II,Red Hood,good,Male,Human,https://cdn.jsdelivr.net/gh/akabab/superhero-api@0.3.0/api/images/sm/562-robin-ii.jpg
563,Robin III,Red Robin,good,Male,Human,https://cdn.jsdelivr.net/gh/akabab/superhero-api@0.3.0/api/images/sm/563-robin-iii.jpg
564,Robin V,DC Comics,good,Male,Human,https://cdn.jsdelivr.net/gh/akabab/superhero-api@0.3.0/api/images/sm/564-robin-v.jpg
565,Robin VI,DC Comics,neutral,Female,Human,https://cdn.jsdelivr.net/gh/akabab/superhero-api@0.3.0/api/images/sm/565-robin-vi.jpg
566,Rocket Raccoon,Marvel Comics,good,Male,Animal,https://cdn.jsdelivr.net/gh/akabab/superhero-api@0.3.0/api/images/sm/566-rocket-raccoon.jpg
567,Rogue,Marvel Comics,good,Female,-,https://cdn.jsdelivr.net/gh/akabab/superhero-api@0.3.0/api/images/sm/567-rogue.jpg
568,Ronin,Goliath,good,Male,Human,https://cdn.jsdelivr.net/gh/akabab/superhero-api@0.3.0/api/images/sm/no-portrait.jpg
569,Rorschach,DC Comics,good,Male,Human,https://cdn.jsdelivr.net/gh/akabab/superhero-api@0.3.0/api/images/sm/569-rorschach.jpg
570,Sabretooth,Marvel Comics,bad,Male,Mutant,https://cdn.jsdelivr.net/gh/akabab/superhero-api@0.3.0/api/images/sm/570-sabretooth.jpg
571,Sage,Marvel Comics,good,Female,-,https://cdn.jsdelivr.net/gh/akabab/superhero-api@0.3.0/api/images/sm/571-sage.jpg
572,Sandman,Marvel Comics,neutral,Male,Human,https://cdn.jsdelivr.net/gh/akabab/superhero-api@0.3.0/api/images/sm/572-sandman.jpg
573,Sasquatch,Marvel Comics,good,Male,-,https://cdn.jsdelivr.net/gh/akabab/superhero-api@0.3.0/api/images/sm/573-sasquatch.jpg
574,Sauron,J. R. R. Tolkien,bad,Male,Maiar,https://cdn.jsdelivr.net/gh/akabab/superhero-api@0.3.0/api/images/sm/574-sauron.jpg
575,Savage Dragon,Image Comics,good,Male,-,https://cdn.jsdelivr.net/gh/akabab/superhero-api@0.3.0/api/images/sm/575-savage-dragon.jpg
576,Scarecrow,DC Comics,bad,Male,Human,https://cdn.jsdelivr.net/gh/akabab/superhero-api@0.3.0/api/images/sm/576-scarecrow.jpg
577,Scarlet Spider,Spider-Carnage,good,Male,Human,https://cdn.jsdelivr.net/gh/akabab/superhero-api@0.3.0/api/images/sm/577-scarlet-spider.jpg
578,Scarlet Spider II,Marvel Comics,good,Male,Clone,https://cdn.jsdelivr.net/gh/akabab/superhero-api@0.3.0/api/images/sm/578-scarlet-spider-ii.jpg
579,Scarlet Witch,Marvel Comics,bad,Female,Mutant,https://cdn.jsdelivr.net/gh/akabab/superhero-api@0.3.0/api/images/sm/579-scarlet-witch.jpg
580,Scorpia,Marvel Comics,bad,Female,-,https://cdn.jsdelivr.net/gh/akabab/superhero-api@0.3.0/api/images/sm/580-scorpia.jpg
581,Scorpion,Venom III,bad,Male,Human,https://cdn.jsdelivr.net/gh/akabab/superhero-api@0.3.0/api/images/sm/581-scorpion.jpg
582,Sebastian Shaw,Marvel Comics,bad,Male,Mutant,https://cdn.jsdelivr.net/gh/akabab/superhero-api@0.3.0/api/images/sm/no-portrait.jpg
583,Sentry,Marvel Comics,neutral,Male,Mutant,https://cdn.jsdelivr.net/gh/akabab/superhero-api@0.3.0/api/images/sm/583-sentry.jpg
584,Shadow King,Marvel Comics,good,-,-,https://cdn.jsdelivr.net/gh/akabab/superhero-api@0.3.0/api/images/sm/584-shadow-king.jpg
585,Shadow Lass,DC Comics,good,Female,Talokite,https://cdn.jsdelivr.net/gh/akabab/superhero-api@0.3.0/api/images/sm/585-shadow-lass.jpg
586,Shadowcat,Marvel Comics,good,Female,Mutant,https://cdn.jsdelivr.net/gh/akabab/superhero-api@0.3.0/api/images/sm/586-shadowcat.jpg
587,Shang-Chi,Marvel Comics,good,Male,Human,https://cdn.jsdelivr.net/gh/akabab/superhero-api@0.3.0/api/images/sm/587-shang-chi.jpg
588,Shatterstar,Marvel Comics,good,Male,-,https://cdn.jsdelivr.net/gh/akabab/superhero-api@0.3.0/api/images/sm/588-shatterstar.jpg
589,She-Hulk,Marvel Comics,good,Female,Human,https://cdn.jsdelivr.net/gh/akabab/superhero-api@0.3.0/api/images/sm/589-she-hulk.jpg
590,She-Thing,Ms Marvel II,good,Female,Human / Radiation,https://cdn.jsdelivr.net/gh/akabab/superhero-api@0.3.0/api/images/sm/590-she-thing.jpg
591,Shocker,Marvel Comics,bad,Male,Human,https://cdn.jsdelivr.net/gh/akabab/superhero-api@0.3.0/api/images/sm/591-shocker.jpg
592,Shriek,Marvel Comics,good,Female,-,https://cdn.jsdelivr.net/gh/akabab/superhero-api@0.3.0/api/images/sm/592-shriek.jpg
594,Sif,Marvel Comics,good,Female,Asgardian,https://cdn.jsdelivr.net/gh/akabab/superhero-api@0.3.0/api/images/sm/594-sif.jpg
595,Silk,Marvel Comics,good,Female,Human,https://cdn.jsdelivr.net/gh/akabab/superhero-api@0.3.0/api/images/sm/595-silk.jpg
598,Silver Surfer,Marvel Comics,good,Male,Alien,https://cdn.jsdelivr.net/gh/akabab/superhero-api@0.3.0/api/images/sm/598-silver-surfer.jpg
599,Silverclaw,Marvel Comics,good,Female,-,https://cdn.jsdelivr.net/gh/akabab/superhero-api@0.3.0/api/images/sm/599-silverclaw.jpg
600,Simon Baz,DC Comics,good,Male,Human,https://cdn.jsdelivr.net/gh/akabab/superhero-api@0.3.0/api/images/sm/600-simon-baz.jpg
601,Sinestro,DC Comics,neutral,Male,Korugaran,https://cdn.jsdelivr.net/gh/akabab/superhero-api@0.3.0/api/images/sm/601-sinestro.jpg
602,Siren,DC Comics,bad,Female,Atlantean,https://cdn.jsdelivr.net/gh/akabab/superhero-api@0.3.0/api/images/sm/602-siren.jpg
604,Siryn,Marvel Comics,bad,Female,-,https://cdn.jsdelivr.net/gh/akabab/superhero-api@0.3.0/api/images/sm/604-siryn.jpg
605,Skaar,Marvel Comics,good,Male,-,https://cdn.jsdelivr.net/gh/akabab/superhero-api@0.3.0/api/images/sm/605-skaar.jpg
607,Snowbird,Marvel Comics,good,Female,-,https://cdn.jsdelivr.net/gh/akabab/superhero-api@0.3.0/api/images/sm/607-snowbird.jpg
608,Sobek,DC Comics,good,Male,-,https://cdn.jsdelivr.net/gh/akabab/superhero-api@0.3.0/api/images/sm/608-sobek.jpg
609,Solomon Grundy,DC Comics,bad,Male,Zombie,https://cdn.jsdelivr.net/gh/akabab/superhero-api@0.3.0/api/images/sm/609-solomon-grundy.jpg
610,Songbird,Marvel Comics,good,Female,-,https://cdn.jsdelivr.net/gh/akabab/superhero-api@0.3.0/api/images/sm/610-songbird.jpg
611,Space Ghost,DC Comics,good,Male,Human,https://cdn.jsdelivr.net/gh/akabab/superhero-api@0.3.0/api/images/sm/611-space-ghost.jpg
612,Spawn,Image Comics,good,Male,Demon,https://cdn.jsdelivr.net/gh/akabab/superhero-api@0.3.0/api/images/sm/612-spawn.jpg
613,Spectre,Aztar,good,Male,God / Eternal,https://cdn.jsdelivr.net/gh/akabab/superhero-api@0.3.0/api/images/sm/613-spectre.jpg
615,Speedy,DC Comics,good,Female,Human,https://cdn.jsdelivr.net/gh/akabab/superhero-api@0.3.0/api/images/sm/615-speedy.jpg
618,Spider-Girl,Marvel Comics,good,Female,Human,https://cdn.jsdelivr.net/gh/akabab/superhero-api@0.3.0/api/images/sm/618-spider-girl.jpg
619,Spider-Gwen,Marvel Comics,good,Female,Human,https://cdn.jsdelivr.net/gh/akabab/superhero-api@0.3.0/api/images/sm/619-spider-gwen.jpg
620,Spider-Man,Marvel Comics,good,Male,Human,https://cdn.jsdelivr.net/gh/akabab/superhero-api@0.3.0/api/images/sm/620-spider-man.jpg
623,Spider-Woman,Marvel Comics,good,Female,Human,https://cdn.jsdelivr.net/gh/akabab/superhero-api@0.3.0/api/images/sm/623-spider-woman.jpg
625,Spider-Woman III,Marvel Comics,good,Female,-,https://cdn.jsdelivr.net/gh/akabab/superhero-api@0.3.0/api/images/sm/625-spider-woman-iii.jpg
627,Spock,Star Trek,good,Male,Human-Vulcan,https://cdn.jsdelivr.net/gh/akabab/superhero-api@0.3.0/api/images/sm/627-spock.jpg
628,Spyke,Marvel Comics,good,Male,Mutant,https://cdn.jsdelivr.net/gh/akabab/superhero-api@0.3.0/api/images/sm/628-spyke.jpg
630,Star-Lord,Marvel Comics,good,Male,Human-Spartoi,https://cdn.jsdelivr.net/gh/akabab/superhero-api@0.3.0/api/images/sm/630-star-lord.jpg
631,Stardust,Marvel Comics,good,Male,-,https://cdn.jsdelivr.net/gh/akabab/superhero-api@0.3.0/api/images/sm/631-stardust.jpg
632,Starfire,DC Comics,good,Female,Tamaranean,https://cdn.jsdelivr.net/gh/akabab/superhero-api@0.3.0/api/images/sm/632-starfire.jpg
633,Stargirl,DC Comics,good,Female,Human,https://cdn.jsdelivr.net/gh/akabab/superhero-api@0.3.0/api/images/sm/633-stargirl.jpg
634,Static,DC Comics,good,Male,Mutant,https://cdn.jsdelivr.net/gh/akabab/superhero-api@0.3.0/api/images/sm/634-static.jpg
635,Steel,DC Comics,good,Male,-,https://cdn.jsdelivr.net/gh/akabab/superhero-api@0.3.0/api/images/sm/635-steel.jpg
636,Stephanie Powell,ABC Studios,good,Female,-,https://cdn.jsdelivr.net/gh/akabab/superhero-api@0.3.0/api/images/sm/636-stephanie-powell.jpg
637,Steppenwolf,DC Comics,bad,Male,New God,https://cdn.jsdelivr.net/gh/akabab/superhero-api@0.3.0/api/images/sm/637-steppenwolf.jpg
638,Storm,Marvel Comics,good,Female,Mutant,https://cdn.jsdelivr.net/gh/akabab/superhero-api@0.3.0/api/images/sm/638-storm.jpg
639,Stormtrooper,George Lucas,bad,Male,Human,https://cdn.jsdelivr.net/gh/akabab/superhero-api@0.3.0/api/images/sm/639-stormtrooper.jpg
640,Sunspot,Marvel Comics,good,Male,Mutant,https://cdn.jsdelivr.net/gh/akabab/superhero-api@0.3.0/api/images/sm/640-sunspot.jpg
641,Superboy,DC Comics,good,Male,-,https://cdn.jsdelivr.net/gh/akabab/superhero-api@0.3.0/api/images/sm/641-superboy.jpg
642,Superboy-Prime,DC Comics,bad,Male,Kryptonian,https://cdn.jsdelivr.net/gh/akabab/superhero-api@0.3.0/api/images/sm/642-superboy-prime.jpg
643,Supergirl,DC Comics,good,Female,Kryptonian,https://cdn.jsdelivr.net/gh/akabab/superhero-api@0.3.0/api/images/sm/643-supergirl.jpg
644,Superman,Superman Prime One-Million,good,Male,Kryptonian,https://cdn.jsdelivr.net/gh/akabab/superhero-api@0.3.0/api/images/sm/644-superman.jpg
645,Swamp Thing,DC Comics,bad,Male,God / Eternal,https://cdn.jsdelivr.net/gh/akabab/superhero-api@0.3.0/api/images/sm/645-swamp-thing.jpg
646,Swarm,Marvel Comics,bad,Male,Mutant,https://cdn.jsdelivr.net/gh/akabab/superhero-api@0.3.0/api/images/sm/646-swarm.jpg
647,Sylar,NBC - Heroes,bad,Male,-,https://cdn.jsdelivr.net/gh/akabab/superhero-api@0.3.0/api/images/sm/647-sylar.jpg
648,Synch,Marvel Comics,good,Male,-,https://cdn.jsdelivr.net/gh/akabab/superhero-api@0.3.0/api/images/sm/648-synch.jpg
649,T-1000,Dark Horse Comics,bad,Male,Android,https://cdn.jsdelivr.net/gh/akabab/superhero-api@0.3.0/api/images/sm/649-t-1000.jpg
650,T-800,Dark Horse Comics,bad,Male,Cyborg,https://cdn.jsdelivr.net/gh/akabab/superhero-api@0.3.0/api/images/sm/650-t-800.jpg
651,T-850,Dark Horse Comics,bad,Male,Cyborg,https://cdn.jsdelivr.net/gh/akabab/superhero-api@0.3.0/api/images/sm/651-t-850.jpg
652,T-X,Dark Horse Comics,bad,Female,Cyborg,https://cdn.jsdelivr.net/gh/akabab/superhero-api@0.3.0/api/images/sm/652-t-x.jpg
653,Taskmaster,Marvel Comics,bad,Male,Human,https://cdn.jsdelivr.net/gh/akabab/superhero-api@0.3.0/api/images/sm/653-taskmaster.jpg
654,Tempest,Angel Salvadore,good,Female,-,https://cdn.jsdelivr.net/gh/akabab/superhero-api@0.3.0/api/images/sm/654-tempest.jpg
655,Thanos,Marvel Comics,bad,Male,Eternal,https://cdn.jsdelivr.net/gh/akabab/superhero-api@0.3.0/api/images/sm/655-thanos.jpg
656,The Cape,-,good,Male,-,https://cdn.jsdelivr.net/gh/akabab/superhero-api@0.3.0/api/images/sm/656-the-cape.jpg
657,The Comedian,DC Comics,neutral,Male,Human,https://cdn.jsdelivr.net/gh/akabab/superhero-api@0.3.0/api/images/sm/657-the-comedian.jpg
658,Thing,Marvel Comics,good,Male,Human / Radiation,https://cdn.jsdelivr.net/gh/akabab/superhero-api@0.3.0/api/images/sm/658-thing.jpg
659,Thor,Rune King Thor,good,Male,Asgardian,https://cdn.jsdelivr.net/gh/akabab/superhero-api@0.3.0/api/images/sm/659-thor.jpg
660,Thor Girl,Marvel Comics,good,Female,Asgardian,https://cdn.jsdelivr.net/gh/akabab/superhero-api@0.3.0/api/images/sm/660-thor-girl.jpg
661,Thunderbird,Marvel Comics,good,Male,-,https://cdn.jsdelivr.net/gh/akabab/superhero-api@0.3.0/api/images/sm/661-thunderbird.jpg
664,Thunderstrike,Marvel Comics,good,Male,-,https://cdn.jsdelivr.net/gh/akabab/superhero-api@0.3.0/api/images/sm/664-thunderstrike.jpg
665,Thundra,Marvel Comics,good,Female,-,https://cdn.jsdelivr.net/gh/akabab/superhero-api@0.3.0/api/images/sm/665-thundra.jpg
666,Tiger Shark,Marvel Comics,bad,Male,Human,https://cdn.jsdelivr.net/gh/akabab/superhero-api@0.3.0/api/images/sm/666-tiger-shark.jpg
667,Tigra,Marvel Comics,good,Female,-,https://cdn.jsdelivr.net/gh/akabab/superhero-api@0.3.0/api/images/sm/667-tigra.jpg
668,Tinkerer,Marvel Comics,bad,Male,-,https://cdn.jsdelivr.net/gh/akabab/superhero-api@0.3.0/api/images/sm/668-tinkerer.jpg
670,Toad,Marvel Comics,neutral,Male,Mutant,https://cdn.jsdelivr.net/gh/akabab/superhero-api@0.3.0/api/images/sm/670-toad.jpg
671,Toxin,Marvel Comics,good,Male,Symbiote,https://cdn.jsdelivr.net/gh/akabab/superhero-api@0.3.0/api/images/sm/671-toxin.jpg
672,Toxin,Anti-Venom,good,Male,Symbiote,https://cdn.jsdelivr.net/gh/akabab/superhero-api@0.3.0/api/images/sm/672-toxin.jpg
676,Triplicate Girl,DC Comics,good,Female,-,https://cdn.jsdelivr.net/gh/akabab/superhero-api@0.3.0/api/images/sm/676-triplicate-girl.jpg
677,Triton,Marvel Comics,good,Male,Inhuman,https://cdn.jsdelivr.net/gh/akabab/superhero-api@0.3.0/api/images/sm/677-triton.jpg
678,Two-Face,DC Comics,bad,Male,-,https://cdn.jsdelivr.net/gh/akabab/superhero-api@0.3.0/api/images/sm/678-two-face.jpg
679,Ultragirl,Marvel Comics,good,Female,-,https://cdn.jsdelivr.net/gh/akabab/superhero-api@0.3.0/api/images/sm/679-ultragirl.jpg
680,Ultron,Marvel Comics,bad,Male,Android,https://cdn.jsdelivr.net/gh/akabab/superhero-api@0.3.0/api/images/sm/680-ultron.jpg
681,Utgard-Loki,Marvel Comics,bad,Male,Frost Giant,https://cdn.jsdelivr.net/gh/akabab/superhero-api@0.3.0/api/images/sm/681-utgard-loki.jpg
685,Vanisher,Marvel Comics,bad,Male,-,https://cdn.jsdelivr.net/gh/akabab/superhero-api@0.3.0/api/images/sm/685-vanisher.jpg
686,Vegeta,Shueisha,bad,Male,Saiyan,https://cdn.jsdelivr.net/gh/akabab/superhero-api@0.3.0/api/images/sm/686-vegeta.jpg
687,Venom,Anti-Venom,bad,Male,Symbiote,https://cdn.jsdelivr.net/gh/akabab/superhero-api@0.3.0/api/images/sm/687-venom.jpg
688,Venom II,Marvel Comics,bad,Male,-,https://cdn.jsdelivr.net/gh/akabab/superhero-api@0.3.0/api/images/sm/688-venom-ii.jpg
689,Venom III,Scorpion,bad,Male,Symbiote,https://cdn.jsdelivr.net/gh/akabab/superhero-api@0.3.0/api/images/sm/689-venom-iii.jpg
690,Venompool,Deadpool,-,Male,Symbiote,https://cdn.jsdelivr.net/gh/akabab/superhero-api@0.3.0/api/images/sm/690-venompool.jpg
692,Vibe,DC Comics,good,Male,Human,https://cdn.jsdelivr.net/gh/akabab/superhero-api@0.3.0/api/images/sm/692-vibe.jpg
693,Vindicator,Vindicator II,good,Female,Human,https://cdn.jsdelivr.net/gh/akabab/superhero-api@0.3.0/api/images/sm/693-vindicator.jpg
696,Violet Parr,Dark Horse Comics,good,Female,Human,https://cdn.jsdelivr.net/gh/akabab/superhero-api@0.3.0/api/images/sm/696-violet-parr.jpg
697,Vision,Anti-Vision,good,Male,Android,https://cdn.jsdelivr.net/gh/akabab/superhero-api@0.3.0/api/images/sm/697-vision.jpg
699,Vixen,DC Comics,good,Female,Human,https://cdn.jsdelivr.net/gh/akabab/superhero-api@0.3.0/api/images/sm/699-vixen.jpg
701,Vulture,Marvel Comics,bad,Male,Human,https://cdn.jsdelivr.net/gh/akabab/superhero-api@0.3.0/api/images/sm/701-vulture.jpg
702,Walrus,Marvel Comics,bad,Male,Human,https://cdn.jsdelivr.net/gh/akabab/superhero-api@0.3.0/api/images/sm/702-walrus.jpg
703,War Machine,Marvel Comics,good,Male,Human,https://cdn.jsdelivr.net/gh/akabab/superhero-api@0.3.0/api/images/sm/703-war-machine.jpg
705,Warlock,Marvel Comics,good,Male,-,https://cdn.jsdelivr.net/gh/akabab/superhero-api@0.3.0/api/images/sm/705-warlock.jpg
706,Warp,DC Comics,bad,Male,-,https://cdn.jsdelivr.net/gh/akabab/superhero-api@0.3.0/api/images/sm/706-warp.jpg
707,Warpath,Thunderbird II,good,Male,Mutant,https://cdn.jsdelivr.net/gh/akabab/superhero-api@0.3.0/api/images/sm/707-warpath.jpg
708,Wasp,Marvel Comics,good,Female,Human,https://cdn.jsdelivr.net/gh/akabab/superhero-api@0.3.0/api/images/sm/708-wasp.jpg
709,Watcher,Marvel Comics,good,Male,-,https://cdn.jsdelivr.net/gh/akabab/superhero-api@0.3.0/api/images/sm/709-watcher.jpg
711,White Canary,DC Comics,bad,Female,Human,https://cdn.jsdelivr.net/gh/akabab/superhero-api@0.3.0/api/images/sm/711-white-canary.jpg
713,Wildfire,DC Comics,good,Male,-,https://cdn.jsdelivr.net/gh/akabab/superhero-api@0.3.0/api/images/sm/713-wildfire.jpg
714,Winter Soldier,Marvel Comics,good,Male,Human,https://cdn.jsdelivr.net/gh/akabab/superhero-api@0.3.0/api/images/sm/714-winter-soldier.jpg
716,Wolfsbane,Marvel Comics,good,Female,-,https://cdn.jsdelivr.net/gh/akabab/superhero-api@0.3.0/api/images/sm/716-wolfsbane.jpg
717,Wolverine,Marvel Comics,good,Male,Mutant,https://cdn.jsdelivr.net/gh/akabab/superhero-api@0.3.0/api/images/sm/717-wolverine.jpg
718,Wonder Girl,DC Comics,good,Female,Demi-God,https://cdn.jsdelivr.net/gh/akabab/superhero-api@0.3.0/api/images/sm/718-wonder-girl.jpg
719,Wonder Man,Marvel Comics,good,Male,-,https://cdn.jsdelivr.net/gh/akabab/superhero-api@0.3.0/api/images/sm/719-wonder-man.jpg
720,Wonder Woman,DC Comics,good,Female,Amazon,https://cdn.jsdelivr.net/gh/akabab/superhero-api@0.3.0/api/images/sm/720-wonder-woman.jpg
722,Wyatt Wingfoot,Marvel Comics,good,Male,-,https://cdn.jsdelivr.net/gh/akabab/superhero-api@0.3.0/api/images/sm/722-wyatt-wingfoot.jpg
723,X-23,Marvel Comics,good,Female,Mutant / Clone,https://cdn.jsdelivr.net/gh/akabab/superhero-api@0.3.0/api/images/sm/723-x-23.jpg
724,X-Man,Marvel Comics,good,Male,-,https://cdn.jsdelivr.net/gh/akabab/superhero-api@0.3.0/api/images/sm/724-x-man.jpg
726,Yellowjacket,Ant-Man,good,Male,Human,https://cdn.jsdelivr.net/gh/akabab/superhero-api@0.3.0/api/images/sm/726-yellowjacket.jpg
727,Yellowjacket II,Marvel Comics,good,Female,Human,https://cdn.jsdelivr.net/gh/akabab/superhero-api@0.3.0/api/images/sm/727-yellowjacket-ii.jpg
728,Ymir,Marvel Comics,good,Male,Frost Giant,https://cdn.jsdelivr.net/gh/akabab/superhero-api@0.3.0/api/images/sm/728-ymir.jpg
729,Yoda,George Lucas,good,Male,Yoda's species,https://cdn.jsdelivr.net/gh/akabab/superhero-api@0.3.0/api/images/sm/729-yoda.jpg
730,Zatanna,DC Comics,good,Female,Human,https://cdn.jsdelivr.net/gh/akabab/superhero-api@0.3.0/api/images/sm/730-zatanna.jpg
731,Zoom,DC Comics,bad,Male,-,https://cdn.jsdelivr.net/gh/akabab/superhero-api@0.3.0/api/images/sm/731-zoom.jpg
